Emblem;Bond Lv;Proficiency;Proficiency;Inheritable Skills;Inheritable Skills;Inheritable Skills;Inheritable Skills;Sync Skills;Sync Skills;Sync Skills;Sync Skills;Sync Skills;Sync Skills;Sync Skills;Sync Skills;Sync Skills;Engage Skills;Engage Skills;Engage Skills;Engage weapons;Engage weapons;Engage weapons;Backup;Cavalry;Covert;Armor;Flying;Mystical;Qi Adept;Dragon
Marth;0;---;;---;---;---;;---;---;---;---;---;---;---;---;;---;---;;---;---;---;---;---;---;---;---;---;---;---
Marth;1;---;;Perceptive [250 SP];Avoid +10 [500 SP];---;;Perceptive;Strength +1;Dexterity +1;Speed +1;Effective: Medeus;---;---;---;;Divine Speed;Foe Engage Attack Damage/2;;Rapier;---;---;---;---;---;---;---;---;---;---
Marth;2;---;;Sword Agility 1 [500 SP];---;---;;Dexterity +2;---;---;---;---;---;---;---;;---;---;;---;---;---;---;---;---;---;---;---;---;---
Marth;3;---;;Break Defenses [2000 SP];---;---;;Break Defenses;---;---;---;---;---;---;---;;---;---;;---;---;---;---;---;---;---;---;---;---;---
Marth;4;---;;Avoid +15 [1500 SP];---;---;;Speed +2;---;---;---;---;---;---;---;;---;---;;---;---;---;---;---;---;---;---;---;---;---
Marth;5;---;;---;---;---;;---;---;---;---;---;---;---;---;;---;---;;---;---;---;---;---;---;---;---;---;---;---
Marth;6;---;;Sword Agility 2 [1000 SP];---;---;;Strength +2;---;---;---;---;---;---;---;;---;---;;---;---;---;---;---;---;---;---;---;---;---
Marth;7;---;;Unyielding [100 SP];---;---;;Unyielding;---;---;---;---;---;---;---;;---;---;;---;---;---;---;---;---;---;---;---;---;---
Marth;8;Sword;;Sword Agility 3 [2000 SP];---;---;;---;---;---;---;---;---;---;---;;---;---;;---;---;---;---;---;---;---;---;---;---;---
Marth;9;---;;Avoid +20 [2500 SP];---;---;;Dexterity +3;---;---;---;---;---;---;---;;---;---;;---;---;---;---;---;---;---;---;---;---;---
Marth;10;---;;---;---;---;;---;---;---;---;---;---;---;---;;---;---;;Mercurius;---;---;---;---;---;---;---;---;---;---
Marth;11;---;;---;---;---;;---;---;---;---;---;---;---;---;;---;---;;---;---;---;---;---;---;---;---;---;---;---
Marth;12;---;;Unyielding+ [200 SP];---;---;;Unyielding+;---;---;---;---;---;---;---;;---;---;;---;---;---;---;---;---;---;---;---;---;---
Marth;13;---;;Sword Agility 4 [3000 SP];---;---;;Speed +3;---;---;---;---;---;---;---;;---;---;;---;---;---;---;---;---;---;---;---;---;---
Marth;14;---;;Avoid +25 [3500 SP];---;---;;Strength +3;---;---;---;---;---;---;---;;---;---;;---;---;---;---;---;---;---;---;---;---;---
Marth;15;---;;---;---;---;;---;---;---;---;---;---;---;---;;---;---;;Falchion;---;---;---;---;---;---;---;---;---;---
Marth;16;---;;Perceptive+ [500 SP];---;---;;Perceptive+;---;---;---;---;---;---;---;;---;---;;---;---;---;---;---;---;---;---;---;---;---
Marth;17;---;;Sword Agility 5 [4000 SP];---;---;;Dexterity +4;---;---;---;---;---;---;---;;---;---;;---;---;---;---;---;---;---;---;---;---;---
Marth;18;---;;Unyielding++ [300 SP];---;---;;Unyielding++;---;---;---;---;---;---;---;;---;---;;---;---;---;---;---;---;---;---;---;---;---
Marth;19;---;;Avoid +30 [4500 SP];---;---;;Speed +4;---;---;---;---;---;---;---;;---;---;;---;---;---;---;---;---;---;---;---;---;---
Marth;20;---;;---;---;---;;---;---;---;---;---;---;---;---;;---;---;;---;---;---;---;---;---;---;---;---;---;---
Sigurd;0;---;;---;---;---;;---;---;---;---;---;---;---;---;;---;---;;---;---;---;---;---;---;---;---;---;---;---
Sigurd;1;---;;Canter [1000 SP];Hit +10 [500 SP];---;;Canter;Dexterity +1;Defense +1;Bld +1;Movement +1;Effective: Loptous;---;---;;Gallop;Foe Engage Attack Damage/2;;Ridersbane;---;---;---;---;---;---;---;---;---;---
Sigurd;2;---;;Lance Power 1 [1000 SP];---;---;;Defense +2;---;---;---;---;---;---;---;;---;---;;---;---;---;---;---;---;---;---;---;---;---
Sigurd;3;---;;Momentum [1000 SP];---;---;;Momentum;---;---;---;---;---;---;---;;---;---;;---;---;---;---;---;---;---;---;---;---;---
Sigurd;4;---;;Hit +15 [1000 SP];---;---;;Dexterity +2;---;---;---;---;---;---;---;;---;---;;---;---;---;---;---;---;---;---;---;---;---
Sigurd;5;---;;---;---;---;;---;---;---;---;---;---;---;---;;---;---;;---;---;---;---;---;---;---;---;---;---;---
Sigurd;6;Lance;;Lance Power 2 [2000 SP];---;---;;---;---;---;---;---;---;---;---;;---;---;;---;---;---;---;---;---;---;---;---;---;---
Sigurd;7;---;;Headlong Rush [200 SP];---;---;;Headlong Rush;---;---;---;---;---;---;---;;---;---;;---;---;---;---;---;---;---;---;---;---;---
Sigurd;8;---;;Lance Power 3 [3000 SP];---;---;;Bld +2;---;---;---;---;---;---;---;;---;---;;---;---;---;---;---;---;---;---;---;---;---
Sigurd;9;Sword;;---;---;---;;---;---;---;---;---;---;---;---;;---;---;;---;---;---;---;---;---;---;---;---;---;---
Sigurd;10;---;;---;---;---;;---;---;---;---;---;---;---;---;;---;---;;Brave Lance;---;---;---;---;---;---;---;---;---;---
Sigurd;11;---;;---;---;---;;---;---;---;---;---;---;---;---;;---;---;;---;---;---;---;---;---;---;---;---;---;---
Sigurd;12;---;;Hit +20 [1500 SP];---;---;;Defense +3;---;---;---;---;---;---;---;;---;---;;---;---;---;---;---;---;---;---;---;---;---
Sigurd;13;---;;Canter+ [2000 SP];---;---;;Canter+;---;---;---;---;---;---;---;;---;---;;---;---;---;---;---;---;---;---;---;---;---
Sigurd;14;---;;Lance Power 4 [4000 SP];---;---;;Dexterity +3;---;---;---;---;---;---;---;;---;---;;---;---;---;---;---;---;---;---;---;---;---
Sigurd;15;---;;---;---;---;;---;---;---;---;---;---;---;---;;---;---;;Tyrfing;---;---;---;---;---;---;---;---;---;---
Sigurd;16;---;;Hit +25 [2000 SP];---;---;;Build +3;---;---;---;---;---;---;---;;---;---;;---;---;---;---;---;---;---;---;---;---;---
Sigurd;17;---;;Momentum+ [2000 SP];---;---;;Momentum+;---;---;---;---;---;---;---;;---;---;;---;---;---;---;---;---;---;---;---;---;---
Sigurd;18;---;;Lance Power 5 [5000 SP];---;---;;Defense +4;---;---;---;---;---;---;---;;---;---;;---;---;---;---;---;---;---;---;---;---;---
Sigurd;19;---;;Hit +30 [2500 SP];---;---;;Dexterity +4;---;---;---;---;---;---;---;;---;---;;---;---;---;---;---;---;---;---;---;---;---
Sigurd;20;---;;---;---;---;;---;---;---;---;---;---;---;---;;---;---;;---;---;---;---;---;---;---;---;---;---;---
Celica;0;---;;---;---;---;;---;---;---;---;---;---;---;---;;---;---;;---;---;---;---;---;---;---;---;---;---;---
Celica;1;---;;Magic +2 [1000 SP];Holy Stance [100 SP];---;;Magic +2;Holy Stance;Resistance +1;Strength +1;Effective: Duma;---;---;---;;Echo;Foe Engage Attack Damage/2;;Seraphim;---;---;---;---;---;---;---;---;---;---
Celica;2;---;;Magic +3 [3000 SP];---;---;;Magic +3;---;---;---;---;---;---;---;;---;---;;---;---;---;---;---;---;---;---;---;---;---
Celica;3;---;;Resonance [2000 SP];---;---;;Resonance;---;---;---;---;---;---;---;;---;---;;---;---;---;---;---;---;---;---;---;---;---
Celica;4;---;;Tome Precision 1 [100 SP];---;---;;Resistance +3;---;---;---;---;---;---;---;;---;---;;---;---;---;---;---;---;---;---;---;---;---
Celica;5;---;;---;---;---;;---;---;---;---;---;---;---;---;;---;---;;---;---;---;---;---;---;---;---;---;---;---
Celica;6;Tome;;---;---;---;;---;---;---;---;---;---;---;---;;---;---;;---;---;---;---;---;---;---;---;---;---;---
Celica;7;---;;Tome Precision 2 [300 SP];---;---;;Strength +2;---;---;---;---;---;---;---;;---;---;;---;---;---;---;---;---;---;---;---;---;---
Celica;8;---;;Favorite Food [200 SP];---;---;;Favorite Food;---;---;---;---;---;---;---;;---;---;;---;---;---;---;---;---;---;---;---;---;---
Celica;9;Sword;;Tome Precision 3 [700 SP];---;---;;---;---;---;---;---;---;---;---;;---;---;;---;---;---;---;---;---;---;---;---;---;---
Celica;10;---;;---;---;---;;---;---;---;---;---;---;---;---;;---;---;;Recover;---;---;---;---;---;---;---;---;---;---
Celica;11;---;;---;---;---;;---;---;---;---;---;---;---;---;;---;---;;---;---;---;---;---;---;---;---;---;---;---
Celica;12;---;;Holy Stance+ [500 SP];---;---;;Holy Stance+;---;---;---;---;---;---;---;;---;---;;---;---;---;---;---;---;---;---;---;---;---
Celica;13;---;;Magic +4 [4000 SP];---;---;;Magic +4;---;---;---;---;---;---;---;;---;---;;---;---;---;---;---;---;---;---;---;---;---
Celica;14;---;;Tome Precision 4 [1000 SP];---;---;;Resistance +4;---;---;---;---;---;---;---;;---;---;;---;---;---;---;---;---;---;---;---;---;---
Celica;15;---;;---;---;---;;---;---;---;---;---;---;---;---;;---;---;;Ragnarok;---;---;---;---;---;---;---;---;---;---
Celica;16;---;;Resonance+ [3000 SP];---;---;;Resonance+;---;---;---;---;---;---;---;;---;---;;---;---;---;---;---;---;---;---;---;---;---
Celica;17;---;;Tome Precision 5 [2000 SP];---;---;;Strength +3;---;---;---;---;---;---;---;;---;---;;---;---;---;---;---;---;---;---;---;---;---
Celica;18;---;;Holy Stance++ [1000 SP];---;---;;Holy Stance++;---;---;---;---;---;---;---;;---;---;;---;---;---;---;---;---;---;---;---;---;---
Celica;19;---;;Magic +5 [5000 SP];---;---;;Magic +5;---;---;---;---;---;---;---;;---;---;;---;---;---;---;---;---;---;---;---;---;---
Celica;20;---;;---;---;---;;---;---;---;---;---;---;---;---;;---;---;;---;---;---;---;---;---;---;---;---;---;---
Micaiah;0;---;;---;---;---;;---;---;---;---;---;---;---;---;;---;---;;---;---;---;---;---;---;---;---;---;---;---
Micaiah;1;---;;Resistance +2 [300 SP];---;---;;Resistance +2;Magic +1;Luck +2;Cleric;Effective: Ashera;---;---;---;;Augment;Foe Engage Attack Damage/2;;Shine;---;---;---;---;---;---;---;---;---;---
Micaiah;2;---;;Staff Mastery 1 [100 SP];---;---;;Magic +2;---;---;---;---;---;---;---;;---;---;;---;---;---;---;---;---;---;---;---;---;---
Micaiah;3;Staff;;Healing Light [200 SP];---;---;;Healing Light;---;---;---;---;---;---;---;;---;---;;---;---;---;---;---;---;---;---;---;---;---
Micaiah;4;---;;Resistance +3 [500 SP];---;---;;Resistance +3;---;---;---;---;---;---;---;;---;---;;---;---;---;---;---;---;---;---;---;---;---
Micaiah;5;---;;---;---;---;;---;---;---;---;---;---;---;---;;---;---;;---;---;---;---;---;---;---;---;---;---;---
Micaiah;6;Dagger;;---;---;---;;---;---;---;---;---;---;---;---;;---;---;;---;---;---;---;---;---;---;---;---;---;---
Micaiah;7;---;;Silence Ward [200 SP];---;---;;Silence Ward;---;---;---;---;---;---;---;;---;---;;---;---;---;---;---;---;---;---;---;---;---
Micaiah;8;---;;Staff Mastery 2 [300 SP];---;---;;Luck +4;---;---;---;---;---;---;---;;---;---;;---;---;---;---;---;---;---;---;---;---;---
Micaiah;9;Tome;;---;---;---;;---;---;---;---;---;---;---;---;;---;---;;---;---;---;---;---;---;---;---;---;---;---
Micaiah;10;---;;---;---;---;;---;---;---;---;---;---;---;---;;---;---;;Nosferatu;---;---;---;---;---;---;---;---;---;---
Micaiah;11;---;;---;---;---;;---;---;---;---;---;---;---;---;;---;---;;---;---;---;---;---;---;---;---;---;---;---
Micaiah;12;---;;Staff Mastery 3 [500 SP];---;---;;Magic +3;---;---;---;---;---;---;---;;---;---;;---;---;---;---;---;---;---;---;---;---;---
Micaiah;13;---;;---;---;---;;Cleric+;---;---;---;---;---;---;---;;---;---;;---;---;---;---;---;---;---;---;---;---;---
Micaiah;14;---;;Resistance +4 [1000 SP];---;---;;Resistance +4;---;---;---;---;---;---;---;;---;---;;---;---;---;---;---;---;---;---;---;---;---
Micaiah;15;---;;---;---;---;;---;---;---;---;---;---;---;---;;---;---;;Thani;---;---;---;---;---;---;---;---;---;---
Micaiah;16;---;;Staff Mastery 4 [700 SP];---;---;;Luck +6;---;---;---;---;---;---;---;;---;---;;---;---;---;---;---;---;---;---;---;---;---
Micaiah;17;---;;Staff Mastery 5 [1000 SP];---;---;;Magic +4;---;---;---;---;---;---;---;;---;---;;---;---;---;---;---;---;---;---;---;---;---
Micaiah;18;---;;---;---;---;;Cleric++;---;---;---;---;---;---;---;;---;---;;---;---;---;---;---;---;---;---;---;---;---
Micaiah;19;---;;Resistance +5 [2000 SP];---;---;;Resistance +5;---;---;---;---;---;---;---;;---;---;;---;---;---;---;---;---;---;---;---;---;---
Micaiah;20;---;;---;---;---;;---;---;---;---;---;---;---;---;;---;---;;---;---;---;---;---;---;---;---;---;---;---
Roy;0;---;;---;---;---;;---;---;---;---;---;---;---;---;;---;---;;---;---;---;---;---;---;---;---;---;---;---
Roy;1;---;;Strength +1 [500 SP];Hold Out [2000 SP];---;;Strength +1;Hold Out;HP +5;Resistance +1;Effective: Idunn;---;---;---;;Rise Above;Foe Engage Attack Damage/2;;Lancereaver;---;---;---;---;---;---;---;---;---;---
Roy;2;---;;Strength +2 [1000 SP];---;---;;Strength +2;---;---;---;---;---;---;---;;---;---;;---;---;---;---;---;---;---;---;---;---;---
Roy;3;---;;Advance [500 SP];---;---;;Advance;---;---;---;---;---;---;---;;---;---;;---;---;---;---;---;---;---;---;---;---;---
Roy;4;---;;Sword Power 1 [1000 SP];---;---;;HP +7;---;---;---;---;---;---;---;;---;---;;---;---;---;---;---;---;---;---;---;---;---
Roy;5;---;;---;---;---;;---;---;---;---;---;---;---;---;;---;---;;---;---;---;---;---;---;---;---;---;---;---
Roy;6;Sword;;---;---;---;;---;---;---;---;---;---;---;---;;---;---;;---;---;---;---;---;---;---;---;---;---;---
Roy;7;---;;Sword Power 2 [2000 SP];---;---;;Resistance +2;---;---;---;---;---;---;---;;---;---;;---;---;---;---;---;---;---;---;---;---;---
Roy;8;---;;Hold Out+ [3000 SP];---;---;;Hold Out+;---;---;---;---;---;---;---;;---;---;;---;---;---;---;---;---;---;---;---;---;---
Roy;9;---;;Strength +3 [3000 SP];Sword Power 3 [3000 SP];---;;Strength +3;---;---;---;---;---;---;---;;---;---;;---;---;---;---;---;---;---;---;---;---;---
Roy;10;---;;---;---;---;;---;---;---;---;---;---;---;---;;---;---;;Wyrmslayer;---;---;---;---;---;---;---;---;---;---
Roy;11;---;;---;---;---;;---;---;---;---;---;---;---;---;;---;---;;---;---;---;---;---;---;---;---;---;---;---
Roy;12;---;;Sword Power 4 [4000 SP];---;---;;HP +10;---;---;---;---;---;---;---;;---;---;;---;---;---;---;---;---;---;---;---;---;---
Roy;13;---;;Hold Out++ [4000 SP];---;---;;Hold Out++;---;---;---;---;---;---;---;;---;---;;---;---;---;---;---;---;---;---;---;---;---
Roy;14;---;;Strength +4 [4000 SP];---;---;;Strength +4;---;---;---;---;---;---;---;;---;---;;---;---;---;---;---;---;---;---;---;---;---
Roy;15;---;;---;---;---;;---;---;---;---;---;---;---;---;;---;---;;Binding Blade;---;---;---;---;---;---;---;---;---;---
Roy;16;---;;Sword Power 5 [5000 SP];---;---;;Resistance +3;---;---;---;---;---;---;---;;---;---;;---;---;---;---;---;---;---;---;---;---;---
Roy;17;---;;Strength +5 [5000 SP];---;---;;Strength +5;---;---;---;---;---;---;---;;---;---;;---;---;---;---;---;---;---;---;---;---;---
Roy;18;---;;Hold Out+++ [5000 SP];---;---;;Hold Out+++;---;---;---;---;---;---;---;;---;---;;---;---;---;---;---;---;---;---;---;---;---
Roy;19;---;;Strength +6 [6000 SP];---;---;;Strength +6;---;---;---;---;---;---;---;;---;---;;---;---;---;---;---;---;---;---;---;---;---
Roy;20;---;;---;---;---;;---;---;---;---;---;---;---;---;;---;---;;---;---;---;---;---;---;---;---;---;---;---
Leif;0;---;;---;---;---;;---;---;---;---;---;---;---;---;;---;---;;---;---;---;---;---;---;---;---;---;---;---
Leif;1;---;;Build +3 [500 SP];Arms Shield [200 SP];---;;Build +3;Arms Shield;HP +3;Defense +1;Effective: Veld;---;---;---;;Adaptable;Foe Engage Attack Damage/2;;Killer Axe;---;---;---;---;---;---;---;---;---;---
Leif;2;Axe;;---;---;---;;---;---;---;---;---;---;---;---;;---;---;;---;---;---;---;---;---;---;---;---;---;---
Leif;3;Bow;;Vantage [500 SP];---;---;;Vantage;---;---;---;---;---;---;---;;---;---;;---;---;---;---;---;---;---;---;---;---;---
Leif;4;Dagger;;Knife Precision 1 [100 SP];---;---;;---;---;---;---;---;---;---;---;;---;---;;---;---;---;---;---;---;---;---;---;---;---
Leif;5;---;;---;---;---;;---;---;---;---;---;---;---;---;;---;---;;---;---;---;---;---;---;---;---;---;---;---
Leif;6;Staff;;Build +4 [1000 SP];---;---;;Build +4;---;---;---;---;---;---;---;;---;---;;---;---;---;---;---;---;---;---;---;---;---
Leif;7;Lance;;Arms Shield+ [400 SP];---;---;;Arms Shield+;---;---;---;---;---;---;---;;---;---;;---;---;---;---;---;---;---;---;---;---;---
Leif;8;Sword;;---;---;---;;---;---;---;---;---;---;---;---;;---;---;;---;---;---;---;---;---;---;---;---;---;---
Leif;9;---;;Knife Precision 2 [300 SP];---;---;;HP +5;---;---;---;---;---;---;---;;---;---;;---;---;---;---;---;---;---;---;---;---;---
Leif;10;---;;---;---;---;;---;---;---;---;---;---;---;---;;---;---;;Master Lance;---;---;---;---;---;---;---;---;---;---
Leif;11;---;;---;---;---;;---;---;---;---;---;---;---;---;;---;---;;---;---;---;---;---;---;---;---;---;---;---
Leif;12;---;;Vantage+ [1000 SP];---;---;;Vantage+;---;---;---;---;---;---;---;;---;---;;---;---;---;---;---;---;---;---;---;---;---
Leif;13;---;;Knife Precision 3 [700 SP];---;---;;Defense +2;---;---;---;---;---;---;---;;---;---;;---;---;---;---;---;---;---;---;---;---;---
Leif;14;---;;Build +5 [2000 SP];---;---;;Build +5;---;---;---;---;---;---;---;;---;---;;---;---;---;---;---;---;---;---;---;---;---
Leif;15;---;;---;---;---;;---;---;---;---;---;---;---;---;;---;---;;Light Brand;---;---;---;---;---;---;---;---;---;---
Leif;16;---;;Arms Shield++ [600 SP];---;---;;Arms Shield++;---;---;---;---;---;---;---;;---;---;;---;---;---;---;---;---;---;---;---;---;---
Leif;17;---;;Knife Precision 4 [1000 SP];---;---;;HP +7;---;---;---;---;---;---;---;;---;---;;---;---;---;---;---;---;---;---;---;---;---
Leif;18;---;;Vantage++ [2000 SP];---;---;;Vantage++;---;---;---;---;---;---;---;;---;---;;---;---;---;---;---;---;---;---;---;---;---
Leif;19;---;;Knife Precision 5 [2000 SP];---;---;;Defense +3;---;---;---;---;---;---;---;;---;---;;---;---;---;---;---;---;---;---;---;---;---
Leif;20;---;;---;---;---;;---;---;---;---;---;---;---;---;;---;---;;---;---;---;---;---;---;---;---;---;---;---
Lucina;0;---;;---;---;---;;---;---;---;---;---;---;---;---;;---;---;;---;---;---;---;---;---;---;---;---;---;---
Lucina;1;---;;Dexterity +1 [100 SP];---;---;;Dexterity +1;Speed +1;Luck +2;Dual Strike;Effective: Grima;---;---;---;;Bonded Shield;Foe Engage Attack Damage/2;;Noble Rapier;---;---;---;---;---;---;---;---;---;---
Lucina;2;---;;Dexterity +2 [300 SP];---;---;;Dexterity +2;---;---;---;---;---;---;---;;---;---;;---;---;---;---;---;---;---;---;---;---;---
Lucina;3;---;;Dual Assist [1000 SP];---;---;;Dual Assist;---;---;---;---;---;---;---;;---;---;;---;---;---;---;---;---;---;---;---;---;---
Lucina;4;---;;Bow Agility 1 [500 SP];---;---;;Speed +2;---;---;---;---;---;---;---;;---;---;;---;---;---;---;---;---;---;---;---;---;---
Lucina;5;---;;---;---;---;;---;---;---;---;---;---;---;---;;---;---;;---;---;---;---;---;---;---;---;---;---;---
Lucina;6;Sword;;---;---;---;;---;---;---;---;---;---;---;---;;---;---;;---;---;---;---;---;---;---;---;---;---;---
Lucina;7;---;;Bow Agility 2 [1000 SP];---;---;;Luck +4;---;---;---;---;---;---;---;;---;---;;---;---;---;---;---;---;---;---;---;---;---
Lucina;8;Bow;;---;---;---;;---;---;---;---;---;---;---;---;;---;---;;---;---;---;---;---;---;---;---;---;---;---
Lucina;9;---;;Dexterity +3 [500 SP];---;---;;Dexterity +3;---;---;---;---;---;---;---;;---;---;;---;---;---;---;---;---;---;---;---;---;---
Lucina;10;---;;---;---;---;;---;---;---;---;---;---;---;---;;---;---;;Parthia;---;---;---;---;---;---;---;---;---;---
Lucina;11;---;;---;---;---;;---;---;---;---;---;---;---;---;;---;---;;---;---;---;---;---;---;---;---;---;---;---
Lucina;12;---;;Bow Agility 3 [2000 SP];---;---;;Speed +3;---;---;---;---;---;---;---;;---;---;;---;---;---;---;---;---;---;---;---;---;---
Lucina;13;---;;Dual Support [2000 SP];---;---;;Dual Support;---;---;---;---;---;---;---;;---;---;;---;---;---;---;---;---;---;---;---;---;---
Lucina;14;---;;Bow Agility 4 [3000 SP];---;---;;Luck +6;---;---;---;---;---;---;---;;---;---;;---;---;---;---;---;---;---;---;---;---;---
Lucina;15;---;;---;---;---;;---;---;---;---;---;---;---;---;;---;---;;Parallel Falchion;---;---;---;---;---;---;---;---;---;---
Lucina;16;---;;Dexterity +4 [1000 SP];---;---;;Dexterity +4;---;---;---;---;---;---;---;;---;---;;---;---;---;---;---;---;---;---;---;---;---
Lucina;17;---;;Bow Agility 5 [4000 SP];---;---;;Speed +4;---;---;---;---;---;---;---;;---;---;;---;---;---;---;---;---;---;---;---;---;---
Lucina;18;---;;Dual Assist+ [2000 SP];---;---;;Dual Assist+;---;---;---;---;---;---;---;;---;---;;---;---;---;---;---;---;---;---;---;---;---
Lucina;19;---;;Dexterity +5 [2000 SP];---;---;;Dexterity +5;---;---;---;---;---;---;---;;---;---;;---;---;---;---;---;---;---;---;---;---;---
Lucina;20;---;;---;---;---;;---;---;---;---;---;---;---;---;;---;---;;---;---;---;---;---;---;---;---;---;---;---
Lyn;0;---;;---;---;---;;---;---;---;---;---;---;---;---;;---;---;;---;---;---;---;---;---;---;---;---;---;---
Lyn;1;---;;Speed +1 [100 SP];Alacrity [1000 SP];---;;Speed +1;Alacrity;Dexterity +1;Resistance +1;Effective: Nergal;---;---;---;;Call Doubles;Foe Engage Attack Damage/2;;Killer Bow;---;---;---;---;---;---;---;---;---;---
Lyn;2;---;;Speed +2 [300 SP];---;---;;Speed +2;---;---;---;---;---;---;---;;---;---;;---;---;---;---;---;---;---;---;---;---;---
Lyn;3;---;;Speedtaker [2000 SP];---;---;;Speedtaker;---;---;---;---;---;---;---;;---;---;;---;---;---;---;---;---;---;---;---;---;---
Lyn;4;---;;Bow Focus 1 [100 SP];---;---;;Dexterity +2;---;---;---;---;---;---;---;;---;---;;---;---;---;---;---;---;---;---;---;---;---
Lyn;5;---;;---;---;---;;---;---;---;---;---;---;---;---;;---;---;;---;---;---;---;---;---;---;---;---;---;---
Lyn;6;Bow;;---;---;---;;---;---;---;---;---;---;---;---;;---;---;;---;---;---;---;---;---;---;---;---;---;---
Lyn;7;---;;Bow Focus 2 [300 SP];---;---;;Resistance +2;---;---;---;---;---;---;---;;---;---;;---;---;---;---;---;---;---;---;---;---;---
Lyn;8;Sword;;---;---;---;;---;---;---;---;---;---;---;---;;---;---;;---;---;---;---;---;---;---;---;---;---;---
Lyn;9;---;;Speed +3 [500 SP];---;---;;Speed +3;---;---;---;---;---;---;---;;---;---;;---;---;---;---;---;---;---;---;---;---;---
Lyn;10;---;;---;---;---;;---;---;---;---;---;---;---;---;;---;---;;Mani Katti;---;---;---;---;---;---;---;---;---;---
Lyn;11;---;;---;---;---;;---;---;---;---;---;---;---;---;;---;---;;---;---;---;---;---;---;---;---;---;---;---
Lyn;12;---;;Bow Focus 3 [500 SP];---;---;;Dexterity +3;---;---;---;---;---;---;---;;---;---;;---;---;---;---;---;---;---;---;---;---;---
Lyn;13;---;;Alacrity+ [2000 SP];---;---;;Alacrity+;---;---;---;---;---;---;---;;---;---;;---;---;---;---;---;---;---;---;---;---;---
Lyn;14;---;;Bow Focus 4 [700 SP];---;---;;Resistance +3;---;---;---;---;---;---;---;;---;---;;---;---;---;---;---;---;---;---;---;---;---
Lyn;15;---;;---;---;---;;---;---;---;---;---;---;---;---;;---;---;;Mulagir;---;---;---;---;---;---;---;---;---;---
Lyn;16;---;;Speed +4 [1000 SP];---;---;;Speed +4;---;---;---;---;---;---;---;;---;---;;---;---;---;---;---;---;---;---;---;---;---
Lyn;17;---;;Bow Focus 5 [1000 SP];---;---;;Dexterity +4;---;---;---;---;---;---;---;;---;---;;---;---;---;---;---;---;---;---;---;---;---
Lyn;18;---;;Alacrity++ [3000 SP];---;---;;Alacrity++;---;---;---;---;---;---;---;;---;---;;---;---;---;---;---;---;---;---;---;---;---
Lyn;19;---;;Speed +5 [2000 SP];---;---;;Speed +5;---;---;---;---;---;---;---;;---;---;;---;---;---;---;---;---;---;---;---;---;---
Lyn;20;---;;---;---;---;;---;---;---;---;---;---;---;---;;---;---;;---;---;---;---;---;---;---;---;---;---;---
Ike;0;---;;---;---;---;;---;---;---;---;---;---;---;---;;---;---;;---;---;---;---;---;---;---;---;---;---;---
Ike;1;---;;Defense +1 [100 SP];Demolish [200 SP];Resolve [1000 SP];;Defense +1;Demolish;Resolve;Strength +1;HP +3;Effective: Ashnard;---;---;;Laguz Friend;Foe Engage Attack Damage/2;;Hammer;---;---;---;---;---;---;---;---;---;---
Ike;2;---;;Defense +2 [300 SP];---;---;;Defense +2;---;---;---;---;---;---;---;;---;---;;---;---;---;---;---;---;---;---;---;---;---
Ike;3;---;;Reposition [200 SP];---;---;;Reposition;---;---;---;---;---;---;---;;---;---;;---;---;---;---;---;---;---;---;---;---;---
Ike;4;---;;Axe Power 1 [1000 SP];---;---;;Strength +2;---;---;---;---;---;---;---;;---;---;;---;---;---;---;---;---;---;---;---;---;---
Ike;5;---;;---;---;---;;---;---;---;---;---;---;---;---;;---;---;;---;---;---;---;---;---;---;---;---;---;---
Ike;6;Axe;;---;---;---;;---;---;---;---;---;---;---;---;;---;---;;---;---;---;---;---;---;---;---;---;---;---
Ike;7;---;;Axe Power 2 [2000 SP];---;---;;HP +5;---;---;---;---;---;---;---;;---;---;;---;---;---;---;---;---;---;---;---;---;---
Ike;8;---;;Defense +3 [500 SP];---;---;;Defense +3;---;---;---;---;---;---;---;;---;---;;---;---;---;---;---;---;---;---;---;---;---
Ike;9;Sword;;---;---;---;;---;---;---;---;---;---;---;---;;---;---;;---;---;---;---;---;---;---;---;---;---;---
Ike;10;---;;---;---;---;;---;---;---;---;---;---;---;---;;---;---;;Urvan;---;---;---;---;---;---;---;---;---;---
Ike;11;---;;---;---;---;;---;---;---;---;---;---;---;---;;---;---;;---;---;---;---;---;---;---;---;---;---;---
Ike;12;---;;Axe Power 3 [3000 SP];---;---;;Strength +3;---;---;---;---;---;---;---;;---;---;;---;---;---;---;---;---;---;---;---;---;---
Ike;13;---;;Wrath [2000 SP];---;---;;Wrath;---;---;---;---;---;---;---;;---;---;;---;---;---;---;---;---;---;---;---;---;---
Ike;14;---;;Axe Power 4 [4000 SP];---;---;;HP +7;---;---;---;---;---;---;---;;---;---;;---;---;---;---;---;---;---;---;---;---;---
Ike;15;---;;---;---;---;;---;---;---;---;---;---;---;---;;---;---;;Ragnell;---;---;---;---;---;---;---;---;---;---
Ike;16;---;;Defense +4 [1000 SP];---;---;;Defense +4;---;---;---;---;---;---;---;;---;---;;---;---;---;---;---;---;---;---;---;---;---
Ike;17;---;;Axe Power 5 [5000 SP];---;---;;Strength +4;---;---;---;---;---;---;---;;---;---;;---;---;---;---;---;---;---;---;---;---;---
Ike;18;---;;Resolve+ [2000 SP];---;---;;Resolve+;---;---;---;---;---;---;---;;---;---;;---;---;---;---;---;---;---;---;---;---;---
Ike;19;---;;Defense +5 [2000 SP];---;---;;Defense +5;---;---;---;---;---;---;---;;---;---;;---;---;---;---;---;---;---;---;---;---;---
Ike;20;---;;---;---;---;;---;---;---;---;---;---;---;---;;---;---;;---;---;---;---;---;---;---;---;---;---;---
Byleth;0;---;;---;---;---;;---;---;---;---;---;---;---;---;;---;---;;---;---;---;---;---;---;---;---;---;---;---
Byleth;1;---;;Luck +2 [100 SP];Divine Pulse [250 SP];---;;Luck +2;Divine Pulse;Magic +1;Speed +1;Effective: Nemesis;---;---;---;;Instruct;Foe Engage Attack Damage/2;;---;---;---;Blutgang;Areadbhar;Failnaught;Aegis Shield;Lúin;Thyrsus;Rafail Gem;Aymr
Byleth;2;---;;Luck +4 [300 SP];---;---;;Luck +4;---;---;---;---;---;---;---;;---;---;;---;---;---;---;---;---;---;---;---;---;---
Byleth;3;---;;Mentorship [250 SP];---;---;;Mentorship;---;---;---;---;---;---;---;;---;---;;---;---;---;---;---;---;---;---;---;---;---
Byleth;4;---;;Art Focus 1 [100 SP];---;---;;---;---;---;---;---;---;---;---;;---;---;;---;---;---;---;---;---;---;---;---;---;---
Byleth;5;---;;---;---;---;;---;---;---;---;---;---;---;---;;---;---;;---;---;---;---;---;---;---;---;---;---;---
Byleth;6;Arts;;Art Focus 2 [300 SP];---;---;;Magic +2;---;---;---;---;---;---;---;;---;---;;---;---;---;---;---;---;---;---;---;---;---
Byleth;7;---;;Art Focus 3 [500 SP];---;---;;Speed +2;---;---;---;---;---;---;---;;---;---;;---;---;---;---;---;---;---;---;---;---;---
Byleth;8;---;;Luck +6 [500 SP];---;---;;Luck +6;---;---;---;---;---;---;---;;---;---;;---;---;---;---;---;---;---;---;---;---;---
Byleth;9;Sword;;---;---;---;;---;---;---;---;---;---;---;---;;---;---;;---;---;---;---;---;---;---;---;---;---;---
Byleth;10;---;;---;---;---;;---;---;---;---;---;---;---;---;;---;---;;Vajra-Mushti;---;---;---;---;---;---;---;---;---;---
Byleth;11;---;;---;---;---;;---;---;---;---;---;---;---;---;;---;---;;---;---;---;---;---;---;---;---;---;---;---
Byleth;12;---;;Art Focus 4 [700 SP];---;---;;Magic +3;---;---;---;---;---;---;---;;---;---;;---;---;---;---;---;---;---;---;---;---;---
Byleth;13;---;;Lost & Found [250 SP];---;---;;Lost & Found;---;---;---;---;---;---;---;;---;---;;---;---;---;---;---;---;---;---;---;---;---
Byleth;14;---;;Art Focus 5 [1000 SP];---;---;;Speed +3;---;---;---;---;---;---;---;;---;---;;---;---;---;---;---;---;---;---;---;---;---
Byleth;15;---;;---;---;---;;---;---;---;---;---;---;---;---;;---;---;;Sword of the Creator;---;---;---;---;---;---;---;---;---;---
Byleth;16;---;;Luck +8 [1000 SP];---;---;;Luck +8;---;---;---;---;---;---;---;;---;---;;---;---;---;---;---;---;---;---;---;---;---
Byleth;17;---;;Luck +10 [2000 SP];---;---;;Luck +10;---;---;---;---;---;---;---;;---;---;;---;---;---;---;---;---;---;---;---;---;---
Byleth;18;---;;Divine Pulse+ [500 SP];---;---;;Divine Pulse+;---;---;---;---;---;---;---;;---;---;;---;---;---;---;---;---;---;---;---;---;---
Byleth;19;---;;Luck +12 [3000 SP];---;---;;Luck +12;---;---;---;---;---;---;---;;---;---;;---;---;---;---;---;---;---;---;---;---;---
Byleth;20;---;;---;---;---;;---;---;---;---;---;---;---;---;;---;---;;---;---;---;---;---;---;---;---;---;---;---
Corrin;0;---;;---;---;---;;---;---;---;---;---;---;---;---;;---;---;;---;---;---;---;---;---;---;---;---;---;---
Corrin;1;---;;HP +5 [300 SP];---;---;;HP +5;Magic +1;Resistance +1;Dragon Vein;Effective: Anankos;---;---;---;;Dreadful Aura;Foe Engage Attack Damage/2;;Dual Katana;---;---;---;---;---;---;---;---;---;---
Corrin;2;---;;HP +7 [500 SP];---;---;;HP +7;---;---;---;---;---;---;---;;---;---;;---;---;---;---;---;---;---;---;---;---;---
Corrin;3;---;;Quality Time [250 SP];---;---;;Quality Time;---;---;---;---;---;---;---;;---;---;;---;---;---;---;---;---;---;---;---;---;---
Corrin;4;---;;Sword Focus 1 [100 SP];---;---;;Magic +2;---;---;---;---;---;---;---;;---;---;;---;---;---;---;---;---;---;---;---;---;---
Corrin;5;---;;---;---;---;;---;---;---;---;---;---;---;---;;---;---;;---;---;---;---;---;---;---;---;---;---;---
Corrin;6;Sword;;---;---;---;;---;---;---;---;---;---;---;---;;---;---;;---;---;---;---;---;---;---;---;---;---;---
Corrin;7;---;;Sword Focus 2 [300 SP];---;---;;Resistance +2;---;---;---;---;---;---;---;;---;---;;---;---;---;---;---;---;---;---;---;---;---
Corrin;8;---;;Draconic Hex [2000 SP];---;---;;Draconic Hex;---;---;---;---;---;---;---;;---;---;;---;---;---;---;---;---;---;---;---;---;---
Corrin;9;---;;HP +10 [1000 SP];---;---;;HP +10;---;---;---;---;---;---;---;;---;---;;---;---;---;---;---;---;---;---;---;---;---
Corrin;10;---;;---;---;---;;---;---;---;---;---;---;---;---;;---;---;;Wakizashi;---;---;---;---;---;---;---;---;---;---
Corrin;11;---;;---;---;---;;---;---;---;---;---;---;---;---;;---;---;;---;---;---;---;---;---;---;---;---;---;---
Corrin;12;---;;Sword Focus 3 [500 SP];---;---;;Magic +3;---;---;---;---;---;---;---;;---;---;;---;---;---;---;---;---;---;---;---;---;---
Corrin;13;---;;Pair Up [2000 SP];---;---;;Pair Up;---;---;---;---;---;---;---;;---;---;;---;---;---;---;---;---;---;---;---;---;---
Corrin;14;---;;Sword Focus 4 [700 SP];---;---;;Resistance +3;---;---;---;---;---;---;---;;---;---;;---;---;---;---;---;---;---;---;---;---;---
Corrin;15;---;;---;---;---;;---;---;---;---;---;---;---;---;;---;---;;Yato;---;---;---;---;---;---;---;---;---;---
Corrin;16;---;;HP +12 [2000 SP];---;---;;HP +12;---;---;---;---;---;---;---;;---;---;;---;---;---;---;---;---;---;---;---;---;---
Corrin;17;---;;Sword Focus 5 [1000 SP];---;---;;Magic +4;---;---;---;---;---;---;---;;---;---;;---;---;---;---;---;---;---;---;---;---;---
Corrin;18;---;;Quality Time+ [500 SP];---;---;;Quality Time+;---;---;---;---;---;---;---;;---;---;;---;---;---;---;---;---;---;---;---;---;---
Corrin;19;---;;HP +15 [3000 SP];---;---;;HP +15;---;---;---;---;---;---;---;;---;---;;---;---;---;---;---;---;---;---;---;---;---
Corrin;20;---;;---;---;---;;---;---;---;---;---;---;---;---;;---;---;;---;---;---;---;---;---;---;---;---;---;---
Eirika;0;---;;---;---;---;;---;---;---;---;---;---;---;---;;---;---;;---;---;---;---;---;---;---;---;---;---;---
Eirika;1;---;;Lunar Brace [3000 SP];Dodge +10 [500 SP];---;;Night and Day;Lunar Brace;Luck +2;Dexterity +1;Magic +1;Effective: Fomortiis;Lunar Brace;---;;Sacred Twins;Foe Engage Attack Damage/2;;Rapier;---;---;---;---;---;---;---;---;---;---
Eirika;2;---;;Lance Agility 1 [500 SP];---;---;;Luck +4;---;---;---;---;---;---;---;;---;---;;---;---;---;---;---;---;---;---;---;---;---
Eirika;3;---;;Gentility [2000 SP];---;---;;Gentility;---;---;---;---;---;---;---;;---;---;;---;---;---;---;---;---;---;---;---;---;---
Eirika;4;---;;Dodge +15 [1000 SP];---;---;;Dexterity +2;---;---;---;---;---;---;---;;---;---;;---;---;---;---;---;---;---;---;---;---;---
Eirika;5;---;;---;---;---;;---;---;---;---;---;---;---;---;;---;---;;---;---;---;---;---;---;---;---;---;---;---
Eirika;6;Lance;;---;---;---;;---;---;---;---;---;---;---;---;;---;---;;---;---;---;---;---;---;---;---;---;---;---
Eirika;7;---;;Lance Agility 2 [1000 SP];---;---;;Magic +2;---;---;---;---;---;---;---;;---;---;;---;---;---;---;---;---;---;---;---;---;---
Eirika;8;---;;Dodge +20 [1500 SP];---;---;;Luck +6;---;---;---;---;---;---;---;;---;---;;---;---;---;---;---;---;---;---;---;---;---
Eirika;9;Sword;;---;---;---;;---;---;---;---;---;---;---;---;;---;---;;---;---;---;---;---;---;---;---;---;---;---
Eirika;10;---;;---;---;---;;---;---;---;---;---;---;---;---;;---;---;;Wind Sword;---;---;---;---;---;---;---;---;---;---
Eirika;11;---;;---;---;---;;---;---;---;---;---;---;---;---;;---;---;;---;---;---;---;---;---;---;---;---;---;---
Eirika;12;---;;Lance Agility 3 [2000 SP];---;---;;Dexterity +3;---;---;---;---;---;---;---;;---;---;;---;---;---;---;---;---;---;---;---;---;---
Eirika;13;---;;Lunar Brace+ [5000 SP];---;---;;Lunar Brace+;---;---;---;---;---;---;---;;---;---;;---;---;---;---;---;---;---;---;---;---;---
Eirika;14;---;;Dodge +25 [2000 SP];---;---;;Magic +3;---;---;---;---;---;---;---;;---;---;;---;---;---;---;---;---;---;---;---;---;---
Eirika;15;---;;---;---;---;;---;---;---;---;---;---;---;---;;---;---;;Sieglinde;---;---;---;---;---;---;---;---;---;---
Eirika;16;---;;Lance Agility 4 [3000 SP];---;---;;Luck +8;---;---;---;---;---;---;---;;---;---;;---;---;---;---;---;---;---;---;---;---;---
Eirika;17;---;;Lance Agility 5 [4000 SP];---;---;;Dexterity +4;---;---;---;---;---;---;---;;---;---;;---;---;---;---;---;---;---;---;---;---;---
Eirika;18;---;;Gentility+ [3000 SP];---;---;;Gentility+;---;---;---;---;---;---;---;;---;---;;---;---;---;---;---;---;---;---;---;---;---
Eirika;19;---;;Dodge +30 [2500 SP];---;---;;Luck +10;---;---;---;---;---;---;---;;---;---;;---;---;---;---;---;---;---;---;---;---;---
Eirika;20;---;;---;---;---;;---;---;---;---;---;---;---;---;;---;---;;---;---;---;---;---;---;---;---;---;---;---
Alear;0;---;;---;---;---;;---;---;---;---;---;---;---;---;;---;---;;---;---;---;---;---;---;---;---;---;---;---
Alear;1;---;;---;---;---;;HP +5;Speed +1;Defense +1;Holy Aura;---;---;---;---;;Attuned;Foe Engage Attack Damage/2;;Lyrátion;---;---;---;---;---;---;---;---;---;---
Alear;2;---;;---;---;---;;---;---;---;---;---;---;---;---;;---;---;;---;---;---;---;---;---;---;---;---;---;---
Alear;3;---;;---;---;---;;---;---;---;---;---;---;---;---;;---;---;;---;---;---;---;---;---;---;---;---;---;---
Alear;4;---;;---;---;---;;---;---;---;---;---;---;---;---;;---;---;;---;---;---;---;---;---;---;---;---;---;---
Alear;5;---;;---;---;---;;HP +7;Bond Forger;Speed +2;---;---;---;---;---;;---;---;;---;---;---;---;---;---;---;---;---;---;---
Alear;6;---;;---;---;---;;---;---;---;---;---;---;---;---;;---;---;;---;---;---;---;---;---;---;---;---;---;---
Alear;7;---;;---;---;---;;---;---;---;---;---;---;---;---;;---;---;;---;---;---;---;---;---;---;---;---;---;---
Alear;8;---;;---;---;---;;---;---;---;---;---;---;---;---;;---;---;;---;---;---;---;---;---;---;---;---;---;---
Alear;9;---;;---;---;---;;---;---;---;---;---;---;---;---;;---;---;;---;---;---;---;---;---;---;---;---;---;---
Alear;10;Sword, Arts;;---;---;---;;Defense +2;HP +10;---;---;---;---;---;---;;---;---;;Dragon's Fist;---;---;---;---;---;---;---;---;---;---
Alear;11;---;;---;---;---;;---;---;---;---;---;---;---;---;;---;---;;---;---;---;---;---;---;---;---;---;---;---
Alear;12;---;;---;---;---;;---;---;---;---;---;---;---;---;;---;---;;---;---;---;---;---;---;---;---;---;---;---
Alear;13;---;;---;---;---;;---;---;---;---;---;---;---;---;;---;---;;---;---;---;---;---;---;---;---;---;---;---
Alear;14;---;;---;---;---;;---;---;---;---;---;---;---;---;;---;---;;---;---;---;---;---;---;---;---;---;---;---
Alear;15;---;;---;---;---;;---;---;---;---;---;---;---;---;;---;---;;---;---;---;---;---;---;---;---;---;---;---
Alear;16;---;;---;---;---;;---;---;---;---;---;---;---;---;;---;---;;---;---;---;---;---;---;---;---;---;---;---
Alear;17;---;;---;---;---;;---;---;---;---;---;---;---;---;;---;---;;---;---;---;---;---;---;---;---;---;---;---
Alear;18;---;;---;---;---;;---;---;---;---;---;---;---;---;;---;---;;---;---;---;---;---;---;---;---;---;---;---
Alear;19;---;;---;---;---;;---;---;---;---;---;---;---;---;;---;---;;---;---;---;---;---;---;---;---;---;---;---
Alear;20;---;;---;---;---;;Bond Forger+;Speed +3;Defense +3;HP +12;Speed +4;Holy Shield;Defense +4;HP +15;;---;---;;Oligoludia;---;---;---;---;---;---;---;---;---;---
Alear;21;---;;---;---;---;;Boon of Elyos;---;---;---;---;---;---;---;;---;---;;---;---;---;---;---;---;---;---;---;---;---
Edelgard;0;---;;---;---;---;---;---;---;---;---;---;---;---;---;;---;---;;---;---;---;---;---;---;---;---;---;---;---
Edelgard;1;---;;Assembly Gambit [1500 SP];---;---;---;Strength +2;Dexterity +1;Defense +1;Friendly Rivalry;Gambit;---;---;---;;Combat Arts;(Foe Engage Atk Dmg/2);;Aymr;---;---;---;---;---;---;---;---;---;---
Edelgard;2;---;;Str/Dex +1 [700 SP];---;---;---;Dexterity +2;---;---;---;---;---;---;---;;---;---;;---;---;---;---;---;---;---;---;---;---;---
Edelgard;3;---;;Lineage [150 SP];---;---;---;Lineage;---;---;---;---;---;---;---;;---;---;;---;---;---;---;---;---;---;---;---;---;---
Edelgard;4;---;;Bow Guard 1 [200 SP];---;---;---;Defense +2;---;---;---;---;---;---;---;;---;---;;---;---;---;---;---;---;---;---;---;---;---
Edelgard;5;---;;---;---;---;---;---;---;---;---;---;---;---;---;;---;---;;---;---;---;---;---;---;---;---;---;---;---
Edelgard;6;Axe;;---;---;---;---;---;---;---;---;---;---;---;---;;---;---;;---;---;---;---;---;---;---;---;---;---;---
Edelgard;7;---;;Str/Dex +2 [1600 SP];---;---;---;Strength +3;---;---;---;---;---;---;---;;---;---;;---;---;---;---;---;---;---;---;---;---;---
Edelgard;8;---;;Bow Guard 2 [400 SP];---;---;---;Dexterity +3;---;---;---;---;---;---;---;;---;---;;---;---;---;---;---;---;---;---;---;---;---
Edelgard;9;Lance;;---;---;---;---;---;---;---;---;---;---;---;---;;---;---;;---;---;---;---;---;---;---;---;---;---;---
Edelgard;10;---;;---;---;---;---;---;---;---;---;---;---;---;---;;---;---;;Areadbhar;---;---;---;---;---;---;---;---;---;---
Edelgard;11;---;;---;---;---;---;---;---;---;---;---;---;---;---;;---;---;;---;---;---;---;---;---;---;---;---;---;---
Edelgard;12;---;;Weapon Sync [3000 SP];Str/Dex +3 [4200 SP];---;---;Weapon Sync;---;---;---;---;---;---;---;;---;---;;---;---;---;---;---;---;---;---;---;---;---
Edelgard;13;Bow;;---;---;---;---;---;---;---;---;---;---;---;---;;---;---;;---;---;---;---;---;---;---;---;---;---;---
Edelgard;14;---;;Bow Guard 3 [600 SP];---;---;---;Defense +3;---;---;---;---;---;---;---;;---;---;;---;---;---;---;---;---;---;---;---;---;---
Edelgard;15;---;;---;---;---;---;---;---;---;---;---;---;---;---;;---;---;;Failnaught;---;---;---;---;---;---;---;---;---;---
Edelgard;16;---;;Str/Dex +4 [6000 SP];---;---;---;Strength +4;---;---;---;---;---;---;---;;---;---;;---;---;---;---;---;---;---;---;---;---;---
Edelgard;17;---;;Weapon Sync+ [5000 SP];Bow Guard 4 [800 SP];---;---;Weapon Sync+;---;---;---;---;---;---;---;;---;---;;---;---;---;---;---;---;---;---;---;---;---
Edelgard;18;---;;Str/Dex +5 [8400 SP];---;---;---;Dexterity +4;---;---;---;---;---;---;---;;---;---;;---;---;---;---;---;---;---;---;---;---;---
Edelgard;19;---;;Bow Guard 5 [1000 SP];---;---;---;Strength +5;---;---;---;---;---;---;---;;---;---;;---;---;---;---;---;---;---;---;---;---;---
Edelgard;20;---;;---;---;---;---;---;---;---;---;---;---;---;---;;---;---;;---;---;---;---;---;---;---;---;---;---;---
Tiki;0;---;;---;---;---;---;---;---;---;---;---;---;---;---;;---;---;;---;---;---;---;---;---;---;---;---;---;---
Tiki;1;---;;Starsphere [1500 SP];---;---;---;HP +5;Defense +1;Luck +2;Starsphere;(Tiki Equip);---;---;---;;Draconic Form;(Foe Engage Atk Dmg/2);;Eternal Claw;Tail Smash;---;Fire Breath;Fire Breath;Fire Breath;Ice Breath;Flame Breath;Dark Breath;Fire Breath;Fog Breath
Tiki;2;---;;HP/Lck +2 [200 SP];---;---;---;Luck +4;---;---;---;---;---;---;---;;---;---;;---;---;---;---;---;---;---;---;---;---;---
Tiki;3;---;;Geosphere [500 SP];---;---;---;Geosphere;---;---;---;---;---;---;---;;---;---;;---;---;---;---;---;---;---;---;---;---;---
Tiki;4;---;;Special Guard 1 [200 SP];---;---;---;Defense +2;---;---;---;---;---;---;---;;---;---;;---;---;---;---;---;---;---;---;---;---;---
Tiki;5;---;;---;---;---;---;---;---;---;---;---;---;---;---;;---;---;;---;---;---;---;---;---;---;---;---;---;---
Tiki;6;Arts;;---;---;---;---;---;---;---;---;---;---;---;---;;---;---;;---;---;---;---;---;---;---;---;---;---;---
Tiki;7;---;;HP/Lck +4 [600 SP];---;---;---;HP +7;---;---;---;---;---;---;---;;---;---;;---;---;---;---;---;---;---;---;---;---;---
Tiki;8;---;;Lifesphere [1000 SP];---;---;---;Lifesphere;---;---;---;---;---;---;---;;---;---;;---;---;---;---;---;---;---;---;---;---;---
Tiki;9;---;;Special Guard 2 [400 SP];---;---;---;Luck +6;---;---;---;---;---;---;---;;---;---;;---;---;---;---;---;---;---;---;---;---;---
Tiki;10;---;;Lightsphere [900 SP];---;---;---;Lightsphere;---;---;---;---;---;---;---;;---;---;;---;---;---;---;---;---;---;---;---;---;---
Tiki;11;---;;---;---;---;---;---;---;---;---;---;---;---;---;;---;---;;---;---;---;---;---;---;---;---;---;---;---
Tiki;12;---;;HP/Lck +6 [1100 SP];---;---;---;Defense +3;---;---;---;---;---;---;---;;---;---;;---;---;---;---;---;---;---;---;---;---;---
Tiki;13;---;;Special Guard 3 [600 SP];---;---;---;HP +10;---;---;---;---;---;---;---;;---;---;;---;---;---;---;---;---;---;---;---;---;---
Tiki;14;---;;Lifesphere+ [2000 SP];---;---;---;Lifesphere+;---;---;---;---;---;---;---;;---;---;;---;---;---;---;---;---;---;---;---;---;---
Tiki;15;---;;HP/Lck +8 [1900 SP];---;---;---;Luck +8;---;---;---;---;---;---;---;;---;---;;---;---;---;---;---;---;---;---;---;---;---
Tiki;16;---;;Geosphere+ [1000 SP];---;---;---;Geosphere+;---;---;---;---;---;---;---;;---;---;;---;---;---;---;---;---;---;---;---;---;---
Tiki;17;---;;Special Guard 4 [800 SP];---;---;---;Defense +4;---;---;---;---;---;---;---;;---;---;;---;---;---;---;---;---;---;---;---;---;---
Tiki;18;---;;HP/Lck +10 [3600 SP];---;---;---;Luck +10;---;---;---;---;---;---;---;;---;---;;---;---;---;---;---;---;---;---;---;---;---
Tiki;19;---;;Lifesphere++ [3000 SP];Special Guard 5 [1000 SP];---;---;Lifesphere++;---;---;---;---;---;---;---;;---;---;;---;---;---;---;---;---;---;---;---;---;---
Tiki;20;---;;---;---;---;---;---;---;---;---;---;---;---;---;;---;---;;---;---;---;---;---;---;---;---;---;---;---
Hector;0;---;;---;---;---;---;---;---;---;---;---;---;---;---;;---;---;;---;---;---;---;---;---;---;---;---;---;---
Hector;1;---;;Quick Riposte [2000 SP];---;---;---;Defense +2;Strength +1;(Build +1);Quick Riposte;---;---;---;---;;Impenetrable;(Foe Engage Atk Dmg/2);;Wolf Beil;---;---;---;---;---;---;---;---;---;---
Hector;2;---;;Str/Def +1 [700 SP];---;---;---;Strength +2;---;---;---;---;---;---;---;;---;---;;---;---;---;---;---;---;---;---;---;---;---
Hector;3;---;;Adaptability [350 SP];---;---;---;Adaptability;---;---;---;---;---;---;---;;---;---;;---;---;---;---;---;---;---;---;---;---;---
Hector;4;---;;Axe Guard 1 [200 SP];---;---;---;Defense +3;---;---;---;---;---;---;---;;---;---;;---;---;---;---;---;---;---;---;---;---;---
Hector;5;---;;---;---;---;---;---;---;---;---;---;---;---;---;;---;---;;---;---;---;---;---;---;---;---;---;---;---
Hector;6;Axe;;---;---;---;---;---;---;---;---;---;---;---;---;;---;---;;---;---;---;---;---;---;---;---;---;---;---
Hector;7;---;;Str/Def +2 [1600 SP];---;---;---;(Build +2);---;---;---;---;---;---;---;;---;---;;---;---;---;---;---;---;---;---;---;---;---
Hector;8;---;;Heavy Attack [3000 SP];---;---;---;Heavy Attack;---;---;---;---;---;---;---;;---;---;;---;---;---;---;---;---;---;---;---;---;---
Hector;9;---;;Axe Guard 2 [400 SP];---;---;---;Strength +3;---;---;---;---;---;---;---;;---;---;;---;---;---;---;---;---;---;---;---;---;---
Hector;10;---;;---;---;---;---;---;---;---;---;---;---;---;---;;---;---;;Runesword;---;---;---;---;---;---;---;---;---;---
Hector;11;---;;---;---;---;---;---;---;---;---;---;---;---;---;;---;---;;---;---;---;---;---;---;---;---;---;---;---
Hector;12;---;;Str/Def +3 [4200 SP];---;---;---;Piercing Glare;---;---;---;---;---;---;---;;---;---;;---;---;---;---;---;---;---;---;---;---;---
Hector;13;---;;Axe Guard 3 [600 SP];---;---;---;Defense +4;---;---;---;---;---;---;---;;---;---;;---;---;---;---;---;---;---;---;---;---;---
Hector;14;---;;Str/Def +4 [6000 SP];---;---;---;Strength +4;---;---;---;---;---;---;---;;---;---;;---;---;---;---;---;---;---;---;---;---;---
Hector;15;---;;---;---;---;---;---;---;---;---;---;---;---;---;;---;---;;Armads;---;---;---;---;---;---;---;---;---;---
Hector;16;---;;Quick Riposte+ [3000 SP];---;---;---;Quick Riposte+;---;---;---;---;---;---;---;;---;---;;---;---;---;---;---;---;---;---;---;---;---
Hector;17;---;;Axe Guard 4 [800 SP];---;---;---;Build +3;---;---;---;---;---;---;---;;---;---;;---;---;---;---;---;---;---;---;---;---;---
Hector;18;---;;Str/Def +5 [8400 SP];---;---;---;Defense +5;---;---;---;---;---;---;---;;---;---;;---;---;---;---;---;---;---;---;---;---;---
Hector;19;---;;Adaptability+ [700 SP];Axe Guard 5 [1000 SP];---;---;Adaptability+;---;---;---;---;---;---;---;;---;---;;---;---;---;---;---;---;---;---;---;---;---
Hector;20;---;;---;---;---;---;---;---;---;---;---;---;---;---;;---;---;;---;---;---;---;---;---;---;---;---;---;---
Veronica;0;---;;---;---;---;---;---;---;---;---;---;---;---;---;;---;---;;---;---;---;---;---;---;---;---;---;---;---
Veronica;1;---;;Reprisal [5000 SP];---;---;---;Magic +2;(Resistance +1);Luck +2;Reprisal;---;---;---;---;;Contract;(Foe Engage Atk Dmg/2);;Hliðskjálf;---;---;---;---;---;---;---;---;---;---
Veronica;2;---;;Mag/Dex +1 [700 SP];---;---;---;Resistance +2;---;---;---;---;---;---;---;;---;---;;---;---;---;---;---;---;---;---;---;---;---
Veronica;3;---;;Book of Worlds [300 SP];---;---;---;Book of Worlds;---;---;---;---;---;---;---;;---;---;;---;---;---;---;---;---;---;---;---;---;---
Veronica;4;---;;Knife Guard 1 [200 SP];---;---;---;Luck +4;---;---;---;---;---;---;---;;---;---;;---;---;---;---;---;---;---;---;---;---;---
Veronica;5;---;;---;---;---;---;---;---;---;---;---;---;---;---;;---;---;;---;---;---;---;---;---;---;---;---;---;---
Veronica;6;Staff;;---;---;---;---;---;---;---;---;---;---;---;---;;---;---;;---;---;---;---;---;---;---;---;---;---;---
Veronica;7;---;;Mag/Dex +2 [1600 SP];---;---;---;Magic +3;---;---;---;---;---;---;---;;---;---;;---;---;---;---;---;---;---;---;---;---;---
Veronica;8;---;;Level Boost [300 SP];---;---;---;Level Boost;---;---;---;---;---;---;---;;---;---;;---;---;---;---;---;---;---;---;---;---;---
Veronica;9;---;;Knife Guard 2 [400 SP];---;---;---;Resistance +3;---;---;---;---;---;---;---;;---;---;;---;---;---;---;---;---;---;---;---;---;---
Veronica;10;---;;---;---;---;---;---;---;---;---;---;---;---;---;;---;---;;Fortify+;---;---;---;---;---;---;---;---;---;---
Veronica;11;---;;---;---;---;---;---;---;---;---;---;---;---;---;;---;---;;---;---;---;---;---;---;---;---;---;---;---
Veronica;12;---;;Mag/Dex +3 [4200 SP];---;---;---;Luck +6;---;---;---;---;---;---;---;;---;---;;---;---;---;---;---;---;---;---;---;---;---
Veronica;13;---;;SP Conversion [300 SP];Knife Guard 3 [600 SP];---;---;SP Conversion;---;---;---;---;---;---;---;;---;---;;---;---;---;---;---;---;---;---;---;---;---
Veronica;14;---;;Mag/Dex +4 [6000 SP];---;---;---;Magic +4;---;---;---;---;---;---;---;;---;---;;---;---;---;---;---;---;---;---;---;---;---
Veronica;15;---;;---;---;---;---;---;---;---;---;---;---;---;---;;---;---;;Élivágar;---;---;---;---;---;---;---;---;---;---
Veronica;16;Tome;;---;---;---;---;---;---;---;---;---;---;---;---;;---;---;;---;---;---;---;---;---;---;---;---;---;---
Veronica;17;---;;Knife Guard 4 [800 SP];---;---;---;Resistance +4;---;---;---;---;---;---;---;;---;---;;---;---;---;---;---;---;---;---;---;---;---
Veronica;18;---;;Reprisal+ [6000 SP];Mag/Dex +5 [8400 SP];---;---;Reprisal+;---;---;---;---;---;---;---;;---;---;;---;---;---;---;---;---;---;---;---;---;---
Veronica;19;---;;Knife Guard 5 [1000 SP];---;---;---;Magic +5;---;---;---;---;---;---;---;;---;---;;---;---;---;---;---;---;---;---;---;---;---
Veronica;20;---;;---;---;---;---;---;---;---;---;---;---;---;---;;---;---;;---;---;---;---;---;---;---;---;---;---;---
Soren;0;---;;---;---;---;---;---;---;---;---;---;---;---;---;;---;---;;---;---;---;---;---;---;---;---;---;---;---
Soren;1;---;;Assign Decoy [1500 SP];---;---;---;Resistance +2;(Magic +1);Dexterity +1;Assign Decoy;---;---;---;---;;Flare;(Foe Engage Atk Dmg/2);;Bolting;---;---;---;---;---;---;---;---;---;---
Soren;2;---;;Mag/Res +1 [700 SP];---;---;---;Magic +2;---;---;---;---;---;---;---;;---;---;;---;---;---;---;---;---;---;---;---;---;---
Soren;3;---;;Magic Guard 1 [200 SP];---;---;---;Dexterity +2;---;---;---;---;---;---;---;;---;---;;---;---;---;---;---;---;---;---;---;---;---
Soren;4;---;;Anima Focus [800 SP];---;---;---;Anima Focus;---;---;---;---;---;---;---;;---;---;;---;---;---;---;---;---;---;---;---;---;---
Soren;5;---;;---;---;---;---;---;---;---;---;---;---;---;---;;---;---;;---;---;---;---;---;---;---;---;---;---;---
Soren;6;Dagger;;---;---;---;---;---;---;---;---;---;---;---;---;;---;---;;---;---;---;---;---;---;---;---;---;---;---
Soren;7;---;;Mag/Res +2 [1600 SP];---;---;---;Resistance +3;---;---;---;---;---;---;---;;---;---;;---;---;---;---;---;---;---;---;---;---;---
Soren;8;---;;Magic Guard 2 [400 SP];---;---;---;Magic +3;---;---;---;---;---;---;---;;---;---;;---;---;---;---;---;---;---;---;---;---;---
Soren;9;---;;Keen Insight [1500 SP];---;---;---;Keen Insight;---;---;---;---;---;---;---;;---;---;;---;---;---;---;---;---;---;---;---;---;---
Soren;10;---;;---;---;---;---;---;---;---;---;---;---;---;---;;---;---;;Reflect;---;---;---;---;---;---;---;---;---;---
Soren;11;---;;---;---;---;---;---;---;---;---;---;---;---;---;;---;---;;---;---;---;---;---;---;---;---;---;---;---
Soren;12;Staff;;Mag/Res +3 [4200 SP];---;---;---;Dexterity +3;---;---;---;---;---;---;---;;---;---;;---;---;---;---;---;---;---;---;---;---;---
Soren;13;---;;Block Recovery [1500 SP];Magic Guard 3 [600 SP];---;---;Block Recovery;---;---;---;---;---;---;---;;---;---;;---;---;---;---;---;---;---;---;---;---;---
Soren;14;---;;Mag/Res +4 [6000 SP];---;---;---;Resistance +4;---;---;---;---;---;---;---;;---;---;;---;---;---;---;---;---;---;---;---;---;---
Soren;15;---;;---;---;---;---;---;---;---;---;---;---;---;---;;---;---;;Rexcalibur;---;---;---;---;---;---;---;---;---;---
Soren;16;Tome;;---;---;---;---;---;---;---;---;---;---;---;---;;---;---;;---;---;---;---;---;---;---;---;---;---;---
Soren;17;---;;Magic Guard 4 [800 SP];---;---;---;Magic +4;---;---;---;---;---;---;---;;---;---;;---;---;---;---;---;---;---;---;---;---;---
Soren;18;---;;Keen Insight+ [3000 SP];Mag/Res +5 [8400 SP];---;---;Keen Insight+;---;---;---;---;---;---;---;;---;---;;---;---;---;---;---;---;---;---;---;---;---
Soren;19;---;;Magic Guard 5 [1000 SP];---;---;---;Resistance +5;---;---;---;---;---;---;---;;---;---;;---;---;---;---;---;---;---;---;---;---;---
Soren;20;---;;---;---;---;---;---;---;---;---;---;---;---;---;;---;---;;---;---;---;---;---;---;---;---;---;---;---
Camilla;0;---;;---;---;---;---;---;---;---;---;---;---;---;---;;---;---;;---;---;---;---;---;---;---;---;---;---;---
Camilla;1;---;;Spd/Res +1 [250 SP];---;---;---;Speed +2;(Resistance +1);(HP +3);Dragon Vein;---;---;---;---;;Soar;(Foe Engage Atk Dmg/2);;Bolt Axe;---;---;---;---;---;---;---;---;---;---
Camilla;2;---;;Lance Guard 1 [200 SP];---;---;---;Resistance +2;---;---;---;---;---;---;---;;---;---;;---;---;---;---;---;---;---;---;---;---;---
Camilla;3;---;;Spd/Res +2 [700 SP];---;---;---;HP +5;---;---;---;---;---;---;---;;---;---;;---;---;---;---;---;---;---;---;---;---;---
Camilla;4;---;;Decisive Strike [500 SP];---;---;---;Decisive Strike;---;---;---;---;---;---;---;;---;---;;---;---;---;---;---;---;---;---;---;---;---
Camilla;5;---;;---;---;---;---;---;---;---;---;---;---;---;---;;---;---;;---;---;---;---;---;---;---;---;---;---;---
Camilla;6;Axe;;---;---;---;---;---;---;---;---;---;---;---;---;;---;---;;---;---;---;---;---;---;---;---;---;---;---
Camilla;7;---;;Lance Guard 2 [400 SP];---;---;---;Speed +3;---;---;---;---;---;---;---;;---;---;;---;---;---;---;---;---;---;---;---;---;---
Camilla;8;---;;Detoxify [250 SP];---;---;---;Detoxify;---;---;---;---;---;---;---;;---;---;;---;---;---;---;---;---;---;---;---;---;---
Camilla;9;---;;Spd/Res +3 [1200 SP];---;---;---;Resistance +3;---;---;---;---;---;---;---;;---;---;;---;---;---;---;---;---;---;---;---;---;---
Camilla;10;---;;---;---;---;---;---;---;---;---;---;---;---;---;;---;---;;Lightning;---;---;---;---;---;---;---;---;---;---
Camilla;11;---;;---;---;---;---;---;---;---;---;---;---;---;---;;---;---;;---;---;---;---;---;---;---;---;---;---;---
Camilla;12;---;;Groundswell [500 SP];---;---;---;Groundswell;---;---;---;---;---;---;---;;---;---;;---;---;---;---;---;---;---;---;---;---;---
Camilla;13;---;;Lance Guard 3 [600 SP];---;---;---;HP +7;---;---;---;---;---;---;---;;---;---;;---;---;---;---;---;---;---;---;---;---;---
Camilla;14;---;;Spd/Res +4 [2400 SP];---;---;---;Speed +4;---;---;---;---;---;---;---;;---;---;;---;---;---;---;---;---;---;---;---;---;---
Camilla;15;---;;---;---;---;---;---;---;---;---;---;---;---;---;;---;---;;Camilla's Axe;---;---;---;---;---;---;---;---;---;---
Camilla;16;---;;Lance Guard 4 [800 SP];---;---;---;Resistance +4;---;---;---;---;---;---;---;;---;---;;---;---;---;---;---;---;---;---;---;---;---
Camilla;17;Tome;;---;---;---;---;---;---;---;---;---;---;---;---;;---;---;;---;---;---;---;---;---;---;---;---;---;---
Camilla;18;---;;Decisive Strike+ [1000 SP];Spd/Res +5 [4800 SP];---;---;Decisive Strike+;---;---;---;---;---;---;---;;---;---;;---;---;---;---;---;---;---;---;---;---;---
Camilla;19;---;;Lance Guard 5 [1000 SP];---;---;---;Speed +5;---;---;---;---;---;---;---;;---;---;;---;---;---;---;---;---;---;---;---;---;---
Camilla;20;---;;---;---;---;---;---;---;---;---;---;---;---;---;;---;---;;---;---;---;---;---;---;---;---;---;---;---
Chrom;0;---;;---;---;---;---;---;---;---;---;---;---;---;---;;---;---;;---;---;---;---;---;---;---;---;---;---;---
Chrom;1;---;;Surprise Attack [3000 SP];---;---;---;Dexterity +2;Speed +1;Strength +1;Surprise Attack;---;---;---;---;;Other Half;(Foe Engage Atk Dmg/2);;Levin Sword;---;---;---;---;---;---;---;---;---;---
Chrom;2;---;;Spd/Dex +1 [250 SP];---;---;---;Speed +2;---;---;---;---;---;---;---;;---;---;;---;---;---;---;---;---;---;---;---;---;---
Chrom;3;---;;Sword Guard 1 [200 SP];---;---;---;Strength +2;---;---;---;---;---;---;---;;---;---;;---;---;---;---;---;---;---;---;---;---;---
Chrom;4;---;;Rally Spectrum [1500 SP];---;---;---;Rally;---;---;---;---;---;---;---;;---;---;;---;---;---;---;---;---;---;---;---;---;---
Chrom;5;---;;---;---;---;---;---;---;---;---;---;---;---;---;;---;---;;---;---;---;---;---;---;---;---;---;---;---
Chrom;6;Sword;;---;---;---;---;---;---;---;---;---;---;---;---;;---;---;;---;---;---;---;---;---;---;---;---;---;---
Chrom;7;---;;Spd/Dex +2 [700 SP];---;---;---;Dexterity +3;---;---;---;---;---;---;---;;---;---;;---;---;---;---;---;---;---;---;---;---;---
Chrom;8;---;;Brute Force [1500 SP];---;---;---;Brute Force;---;---;---;---;---;---;---;;---;---;;---;---;---;---;---;---;---;---;---;---;---
Chrom;9;---;;Sword Guard 2 [400 SP];---;---;---;Speed +3;---;---;---;---;---;---;---;;---;---;;---;---;---;---;---;---;---;---;---;---;---
Chrom;10;---;;---;---;---;---;---;---;---;---;---;---;---;---;;---;---;;Thoron;---;---;---;---;---;---;---;---;---;---
Chrom;11;---;;---;---;---;---;---;---;---;---;---;---;---;---;;---;---;;---;---;---;---;---;---;---;---;---;---;---
Chrom;12;---;;Spd/Dex +3 [1200 SP];---;---;---;Strength +3;---;---;---;---;---;---;---;;---;---;;---;---;---;---;---;---;---;---;---;---;---
Chrom;13;---;;Charm [800 SP];Sword Guard 3 [600 SP];---;---;Charm;---;---;---;---;---;---;---;;---;---;;---;---;---;---;---;---;---;---;---;---;---
Chrom;14;---;;Spd/Dex +4 [2400 SP];---;---;---;Dexterity +4;---;---;---;---;---;---;---;;---;---;;---;---;---;---;---;---;---;---;---;---;---
Chrom;15;---;;---;---;---;---;---;---;---;---;---;---;---;---;;---;---;;Falchion;---;---;---;---;---;---;---;---;---;---
Chrom;16;Tome;;---;---;---;---;---;---;---;---;---;---;---;---;;---;---;;---;---;---;---;---;---;---;---;---;---;---
Chrom;17;---;;Sword Guard 4 [800 SP];---;---;---;Speed +4;---;---;---;---;---;---;---;;---;---;;---;---;---;---;---;---;---;---;---;---;---
Chrom;18;---;;Rally Spectrum+ [2000 SP];Spd/Dex +5 [4800 SP];---;---;Rally+;---;---;---;---;---;---;---;;---;---;;---;---;---;---;---;---;---;---;---;---;---
Chrom;19;---;;Sword Guard 5 [1000 SP];---;---;---;Dexterity +5;---;---;---;---;---;---;---;;---;---;;---;---;---;---;---;---;---;---;---;---;---
Chrom;20;---;;---;---;---;---;---;---;---;---;---;---;---;---;;---;---;;---;---;---;---;---;---;---;---;---;---;---
