Name;Notes;ID;Type;Might;Hit;Critical;Weight;Avoid;Dodge;Range;Rank;Uses;Price;Staff EXP;Description;Playable
Slim Sword;0;IID_ほそみの剣;Sword;3;100;0;2;0;30;1;D;---;500;0;A light, unusually accurate sword.;1
Iron Sword;0;IID_鉄の剣;Sword;5;90;0;5;0;0;1;D;---;1000;0;A standard sword made of iron─simple, but effective.;1
Steel Sword;0;IID_鋼の剣;Sword;9;85;5;8;0;0;1;C;---;2000;0;A sword made of steel.;1
Silver Sword;0;IID_銀の剣;Sword;12;90;0;11;0;0;1;B;---;4000;0;An exceptional sword of rare metals.;1
Armorslayer;0;IID_アーマーキラー;Sword;9;75;0;13;0;0;1;C;---;2500;0;A sword made to penetrate heavy armor. Effective: Armored.;1
Killing Edge;0;IID_キルソード;Sword;9;75;30;10;0;0;1;C;---;2500;0;A sword especially well-suited to inflicting deadly wounds.;1
Levin Sword;0;IID_いかづちの剣;Sword;13;85;0;11;0;0;1~2;C;---;3000;0;A magical sword that can strike close or at range.;1
Wo Dao;0;IID_倭刀;Sword;6;90;20;7;0;0;1;B;---;2500;0;A sword honed to a razor edge.;1
Wyrmslayer;0;IID_ドラゴンキラー;Sword;8;80;0;12;0;0;1;B;---;2500;0;A sword crafted specifically to fight dragons. Effective: Dragon.;1
Brave Sword;0;IID_勇者の剣;Sword;4;80;0;13;0;0;1;A;---;8000;0;A sword built for expert wielders. If user initiates combat, attacks twice.;1
Libération;0;IID_リベラシオン;Sword;6;90;0;4;0;0;1;D;---;1000;0;Divine Dragon only. Fills engage meter by 1 when user attacks and defeats a foe in a single turn.;1
Libération;Prologue;IID_リベラシオン_M000;Sword;10;90;0;4;0;0;1;D;---;100;0;The Divine Dragon's personal sword.;0
Wille Glanz;0;IID_ヴィレグランツ;Sword;12;70;0;10;0;0;1~2;D;---;8000;0;Divine Dragon only. A powerful sword that can strike close or at range.;1
Caladbolg;0;IID_クラドホルグ;Sword;15;95;0;12;0;0;1;S;---;10000;0;A legendary sword, famous for its great power.;1
Iron Blade;0;IID_鉄の大剣;Sword;10;80;0;7;0;0;1;C;---;1500;0;A massive sword that smashes foes. Cannot follow up, or strike first if initiating combat.;1
Steel Blade;0;IID_鋼の大剣;Sword;18;75;5;10;0;0;1;B;---;3000;0;A massive sword of steel that smashes foes. Cannot follow up, or strike first if initiating combat.;1
Silver Blade;0;IID_銀の大剣;Sword;24;80;0;13;0;0;1;A;---;6000;0;A massive sword of rare metals that smashes foes. Cannot follow up, or strike first if initiating combat.;1
Georgios;0;IID_ゲオルギオス;Sword;32;90;0;18;0;0;1;S;---;10000;0;A legendary blade that smashes foes. Cannot follow up, or strike first if initiating combat.;1
Fólkvangr;0;IID_フォルクヴァング;Sword;10;90;0;6;0;0;1;D;---;4000;0;Sword of Alfonse, prince of Askr. Grants Atk+3 for 1 turn if user has 50% HP or less at start of turn.;1
Biting Blade;0;IID_チョコレート剣;Sword;7;90;0;6;0;10;1;D;---;500;0;A sword with a sweet scent. Disappears when consumed as an item, but recovers user's HP.;1
Libération;EX;IID_リベラシオン改;Sword;14;90;0;2;0;0;1;D;---;1000;0;Divine Dragon only. Grants Atk+15 against Fell Nil.;0
Libération;EX Normal;IID_リベラシオン改_ノーマル;Sword;18;90;0;2;0;0;1;D;---;1000;0;Divine Dragon only. Grants Atk+30 against Fell Nil.;0
Slim Lance;0;IID_ほそみの槍;Lance;5;95;0;5;0;20;1;D;---;500;0;A light, unusually accurate lance.;1
Iron Lance;0;IID_鉄の槍;Lance;7;85;0;7;0;0;1;D;---;1000;0;A standard lance made of iron─simple, but effective.;1
Steel Lance;0;IID_鋼の槍;Lance;11;75;5;10;0;0;1;C;---;2000;0;A lance made of steel.;1
Silver Lance;0;IID_銀の槍;Lance;14;80;0;13;0;0;1;B;---;4000;0;An exceptional lance of rare metals.;1
Javelin;0;IID_手槍;Lance;6;80;0;9;0;0;1~2;D;---;1800;0;A light throwing lance that can strike close or at range.;1
Ridersbane;0;IID_ナイトキラー;Lance;8;70;0;13;0;0;1;D;---;2500;0;A lance designed for foes on horseback. Effective: Cavalry.;1
Killer Lance;0;IID_キラーランス;Lance;7;75;30;9;0;0;1;C;---;3000;0;A lance especially well-suited to inflicting deadly wounds.;1
Flame Lance;0;IID_ほのおの槍;Lance;10;75;0;16;0;0;1~2;C;---;3000;0;A magical lance that can strike close or at range.;1
Spear;0;IID_スレンドスピア;Lance;12;70;0;15;0;0;1~2;B;---;4500;0;A powerful throwing lance that can strike close or at range.;1
Brave Lance;0;IID_勇者の槍;Lance;5;75;0;14;0;0;1;A;---;8000;0;A lance built for expert wielders. If user initiates combat, attacks twice.;1
Brionac;0;IID_ブリューナク;Lance;17;70;0;17;0;0;1~2;S;---;10000;0;A powerful lance of legend. Can strike close or at range.;1
Iron Greatlance;0;IID_鉄の大槍;Lance;14;75;0;9;0;0;1;C;---;1500;0;A massive lance that smashes foes. Cannot follow up, or strike first if initiating combat.;1
Steel Greatlance;0;IID_鋼の大槍;Lance;22;65;5;12;0;0;1;B;---;3000;0;A massive lance of steel that smashes foes. Cannot follow up, or strike first if initiating combat.;1
Silver Greatlance;0;IID_銀の大槍;Lance;28;70;0;15;0;0;1;A;---;6000;0;A massive lance of rare metals that smashes foes. Cannot follow up, or strike first if initiating combat.;1
Venomous;0;IID_ヴェノマス;Lance;34;80;10;20;0;0;1;S;---;10000;0;A lance of legend that smashes and poisons hit foes. Cannot follow up, or strike first if initiating combat.;1
Représailles;0;IID_トライゾン;Lance;13;80;0;9;0;20;1;A;---;4000;0;Battle lance that exudes an otherworldly air.;1
Fensalir;0;IID_フェンサリル;Lance;12;80;0;8;0;0;1;D;---;4000;0;Lance of Sharena, princess of Askr. Inflicts Atk-2 for 1 turn on adjacent foes at the start of player phase.;1
Swirlance;0;IID_ソフトクリーム槍;Lance;9;85;0;8;0;10;1;D;---;500;0;A lance with a sweet scent. Disappears when consumed as an item, but recovers user's HP.;1
Compact Axe;0;IID_ショートアクス;Axe;6;90;0;7;0;20;1;D;---;500;0;A light, unusually accurate axe.;1
Iron Axe;0;IID_鉄の斧;Axe;9;80;0;10;0;0;1;D;---;1000;0;A standard axe made of iron─simple, but effective.;1
Steel Axe;0;IID_鋼の斧;Axe;13;65;5;12;0;0;1;C;---;2000;0;An axe made of steel.;1
Silver Axe;0;IID_銀の斧;Axe;16;70;0;15;0;0;1;B;---;4000;0;An exceptional axe of rare metals.;1
Hand Axe;0;IID_手斧;Axe;7;70;0;12;0;0;1~2;D;---;1800;0;A light throwing axe that can strike close or at range.;1
Hammer;0;IID_ハンマー;Axe;9;60;0;15;0;0;1;D;---;2500;0;A war hammer made to crack through heavy armor. Effective: Armored.;1
Poleaxe;0;IID_ポールアクス;Axe;8;60;0;14;0;0;1;D;---;2500;0;An axe whose long handle helps reach mounted foes. Effective: Cavalry.;1
Killer Axe;0;IID_キラーアクス;Axe;11;65;30;12;0;0;1;C;---;3000;0;An axe especially well-suited to inflicting deadly wounds.;1
Tomahawk;0;IID_トマホーク;Axe;14;60;0;16;0;0;1~2;B;---;4500;0;A powerful throwing axe that can strike close or at range.;1
Brave Axe;0;IID_勇者の斧;Axe;6;70;0;16;0;0;1;A;---;8000;0;An axe built for expert wielders. If user initiates combat, attacks twice.;1
Fragarach;0;IID_フラガラッハ;Axe;19;80;0;16;0;0;1;S;---;10000;0;A legendary axe.;1
Iron Greataxe;0;IID_鉄の大斧;Axe;18;70;0;12;0;0;1;C;---;1500;0;A massive axe that smashes foes. Cannot follow up, or strike first if initiating combat.;1
Steel Greataxe;0;IID_鋼の大斧;Axe;26;55;5;14;0;0;1;B;---;3000;0;A massive axe of steel that smashes foes. Cannot follow up, or strike first if initiating combat.;1
Silver Greataxe;0;IID_銀の大斧;Axe;32;60;0;17;0;0;1;A;---;6000;0;A massive axe of rare metals that smashes foes. Cannot follow up, or strike first if initiating combat.;1
Hurricane Axe;0;IID_かぜの大斧;Axe;20;70;0;15;0;0;1;B;---;3000;0;A magical axe that smashes foes. Cannot follow up, or strike first if initiating combat. Effective: Flying.;1
Ukonvasara;0;IID_ウコンバサラ;Axe;38;70;0;24;0;0;1;S;---;10000;0;A huge, legendary axe that smashes foes. Cannot follow up, or strike first if initiating combat.;1
Revanche;0;IID_ルヴァンシュ;Axe;10;70;20;12;0;0;1;A;---;4000;0;Battle axe that exudes an otherworldly air.;1
Revanche;FX5;IID_ルヴァンシュ_E005;Axe;10;70;0;12;0;0;1;A;---;4000;0;Battle axe that exudes an otherworldly air.;0
Nóatún;0;IID_ノーアトゥーン;Axe;14;75;0;10;0;0;1;D;---;4000;0;Axe of Anna, a commander in Askr. Grants Mov+1 for 1 turn when user has 40% HP or less at start of turn.;1
Lollichop;0;IID_ロリポップ斧;Axe;11;80;0;11;0;10;1;D;---;500;0;An axe with a sweet scent. Disappears when consumed as an item, but recovers user's HP.;1
Mini Bow;0;IID_ショートボウ;Bow;3;100;0;4;0;20;1;D;---;500;0;An easy-to-use, short-range bow. Effective: Flying.;1
Iron Bow;0;IID_鉄の弓;Bow;6;90;0;5;0;0;2;D;---;1000;0;A standard bow made of iron. Effective: Flying.;1
Steel Bow;0;IID_鋼の弓;Bow;10;80;5;7;0;0;2;C;---;2000;0;A bow made of steel. Effective: Flying.;1
Silver Bow;0;IID_銀の弓;Bow;13;85;0;10;0;0;2;B;---;4000;0;An exceptional bow of rare metals. Effective: Flying.;1
Longbow;0;IID_長弓;Bow;7;70;0;10;0;0;2~3;C;---;2000;0;A bow made to fire at longer ranges. Effective: Flying.;1
Killer Bow;0;IID_キラーボウ;Bow;7;75;30;7;0;0;2;C;---;3000;0;A bow especially well-suited to inflicting deadly wounds. Effective: Flying.;1
Radiant Bow;0;IID_光の弓;Bow;19;75;0;12;0;0;2;C;---;3000;0;A magical bow whose arrows pierce with light. Effective: Flying.;1
Brave Bow;0;IID_勇者の弓;Bow;4;75;0;11;0;0;2;A;---;8000;0;A bow built for expert wielders. If user initiates combat, attacks twice. Effective: Flying.;1
Lendabair;0;IID_レンダウィル;Bow;16;80;0;11;0;0;2;S;---;10000;0;A bow wielded by legends. Effective: Flying.;1
Croissbow;0;IID_クロワッサン弓;Bow;8;90;0;6;0;10;2;D;---;500;0;A bow with a sweet scent. Disappears when consumed as an item, but recovers user's HP.;1
Short Knife;0;IID_ショートナイフ;Dagger;3;110;0;2;0;20;1~2;D;---;500;0;An easy-to-use throwing knife. Poisons hit foes.;1
Iron Dagger;0;IID_鉄のナイフ;Dagger;5;100;0;3;0;0;1~2;D;---;1000;0;A standard throwing knife. Poisons hit foes.;1
Steel Dagger;0;IID_鋼のナイフ;Dagger;7;80;5;5;0;0;1~2;C;---;2000;0;A throwing knife made of steel. Poisons hit foes.;1
Silver Dagger;0;IID_銀のナイフ;Dagger;10;90;0;7;0;0;1~2;B;---;4000;0;A throwing knife made of rare metals. Poisons hit foes.;1
Kard;0;IID_カルド;Dagger;5;95;10;5;0;0;1;C;---;1000;0;A fighting knife intended for close combat. Poisons hit foes.;1
Stiletto;0;IID_スティレット;Dagger;9;75;15;7;0;0;1;B;---;2000;0;A fighting knife intended for close combat. Poisons hit foes.;1
Peshkatz;0;IID_ペシュカド;Dagger;12;85;20;9;0;0;1;A;---;4000;0;A fighting knife intended for close combat. Poisons hit foes.;1
Misericorde;0;IID_ミセリコルデ;Dagger;7;90;0;6;0;0;1~2;D;---;8000;0;Veyle only. An enchanted throwing knife that inflicts magic damage and poisons hit foes.;1
Cinquedea;0;IID_シンクエディア;Dagger;13;85;10;8;0;0;1~2;S;---;10000;0;A legendary throwing knife that poisons hit foes.;1
Carnwenhan;0;IID_カルンウェナン;Dagger;28;80;0;13;0;0;1;S;---;10000;0;A legendary short sword. Smashes and poisons hit foes. Cannot follow up, or strike first if initiating combat.;1
Confectioknife;0;IID_おだんご短剣;Dagger;6;100;0;3;0;10;1~2;D;---;500;0;A knife with a sweet scent. Disappears when consumed as an item, but recovers user's HP.;1
Surge;0;IID_サージ;Tome;7;255;0;5;0;0;1;D;---;1500;0;A basic attack tome that can only be used in close combat.;1
Fire;0;IID_ファイアー;Tome;5;95;0;4;0;0;1~2;D;---;1000;0;A standard tome of fire magic.;1
Thunder;0;IID_サンダー;Tome;5;80;0;10;0;0;1~3;D;---;1000;0;A standard tome of thunder magic. Cannot follow up.;1
Wind;0;IID_ウィンド;Tome;4;90;0;4;0;0;1~2;C;---;1000;0;A standard tome of wind magic. Effective: Flying.;1
Elsurge;0;IID_エルサージ;Tome;13;255;10;7;0;0;1;C;---;2500;0;An advanced attack tome that can only be used in close combat.;1
Elfire;0;IID_エルファイアー;Tome;11;90;0;7;0;0;1~2;C;---;2000;0;An advanced fire tome.;1
Elthunder;0;IID_エルサンダー;Tome;11;75;0;13;0;0;1~3;B;---;2000;0;An advanced thunder tome. Cannot follow up.;1
Elwind;0;IID_エルウィンド;Tome;7;85;0;6;0;0;1~2;B;---;2000;0;An advanced wind tome. Effective: Flying.;1
Bolganone;0;IID_ボルガノン;Tome;16;85;0;11;0;0;1~2;A;---;4000;0;A truly mighty fire tome.;1
Thoron;0;IID_トロン;Tome;18;70;0;16;0;0;1~3;A;---;4000;0;A truly mighty thunder tome. Cannot follow up.;1
Thoron;Zephia;IID_トロン_セピア専用;Tome;18;70;0;16;0;0;1~3;A;---;100;0;A truly mighty thunder tome. Cannot follow up.;0
Excalibur;0;IID_エクスカリバー;Tome;10;80;5;9;0;0;1~2;A;---;4000;0;A truly mighty wind tome. Effective: Flying.;1
Excalibur;Griss;IID_エクスカリバー_グリ専用;Tome;10;80;0;9;0;0;1~2;A;---;100;0;A truly mighty wind tome. Effective: Flying.;0
Nova;0;IID_ノヴァ;Tome;5;75;0;14;0;0;1~2;S;---;10000;0;An extremely potent tome. If user initiates combat, attacks twice.;1
Meteor;0;IID_メティオ;Tome;13;80;0;20;0;0;3~7;A;---;100;0;A tome of long-range attack magic. Cannot be used at shorter ranges.;1
Meteor;DP4;IID_メティオ_G004;Tome;10;70;0;20;0;0;3~7;A;---;100;0;A tome of long-range attack magic. Cannot be used at shorter ranges.;0
Obscurité;0;IID_オヴスキュリテ;Tome;14;80;10;12;0;0;1~2;D;---;8000;0;Fell Dragon only. Truly mighty dark magic.;1
Obscurité;Prologue;IID_オヴスキュリテ_M000;Tome;14;90;0;12;0;0;1;D;---;100;0;Fell Dragon only. Truly mighty dark magic.;0
Tiramistorm;0;IID_ティラミス魔道書;Tome;8;85;0;6;0;10;1~2;D;---;500;0;A tome with a sweet scent. Disappears when consumed as an item, but recovers user's HP.;1
Heal;0;IID_ライブ;Staff;10;100;0;0;0;0;1;D;25;500;25;A staff imbued with healing magic. Recovers an ally's HP.;1
Mend;0;IID_リライブ;Staff;20;100;0;0;0;0;1;D;20;1000;30;A staff imbued with healing magic. Recovers a great deal of an ally's HP.;1
Physic;0;IID_リブロー;Staff;8;100;0;0;0;0;1~5;C;10;3000;35;A staff imbued with healing magic. Can recover an ally's HP at a distance.;1
Physic;DP4;IID_リブロー_G004;Staff;8;100;0;0;0;0;1~10;C;10;3000;35;A staff imbued with healing magic. Can recover an ally's HP at a distance.;0
Recover;0;IID_リカバー;Staff;40;100;0;0;0;0;1;B;10;3000;40;A staff imbued with healing magic. Recovers vast amounts of an ally's HP.;1
Fortify;0;IID_リザーブ;Staff;7;100;0;0;0;0;1~5;A;5;5000;25;A staff imbued with healing magic. Recovers HP for all allies within a 5-space radius.;1
Restore;0;IID_レスト;Staff;0;100;0;0;0;0;1~3;C;10;500;30;A staff that removes status effects on an ally.;1
Warp;0;IID_ワープ;Staff;0;100;0;0;0;0;1;B;5;2000;35;A staff imbued with space-warping magic. Teleports an adjacent ally up to 5 spaces away.;1
Rewarp;0;IID_リワープ;Staff;0;100;0;0;0;0;---;C;5;1200;35;A staff imbued with space-warping magic. Teleports the user up to 5 spaces away.;1
Rescue;0;IID_レスキュー;Staff;0;100;0;0;0;0;1~8;B;5;2000;35;A staff imbued with space-warping magic. Teleports a faraway ally to an adjacent space.;1
Rescue;Chapter 19;IID_レスキュー_M019;Staff;0;100;0;0;0;0;1~5;B;1;100;35;A staff imbued with space-warping magic. Teleports a faraway ally to an adjacent space.;0
Entrap;0;IID_ドロー;Staff;0;50;0;0;0;0;1~6;A;3;4000;35;A staff imbued with space-warping magic. Teleports a faraway foe to an adjacent space.;1
Illume;0;IID_トーチ;Staff;0;100;0;0;0;0;---;D;5;500;30;A staff that magically shines through darkness. Illuminates a 7-space radius (shrinks one space per turn).;1
Freeze;0;IID_フリーズ;Staff;0;70;0;0;0;0;1~6;C;5;1500;35;A staff that prevents foes from moving for 1 turn.;1
Freeze;Paralogue 10;IID_フリーズ_S010;Staff;0;100;0;0;0;0;1~15;C;3;100;35;A staff that prevents foes from moving for 1 turn.;0
Silence;0;IID_サイレス;Staff;0;70;0;0;0;0;1~6;C;5;1500;35;A staff that prevents foes from using tomes or staves for 1 turn.;1
Silence;Paralogue 10;IID_サイレス_S010;Staff;0;100;0;0;0;0;1~15;C;3;100;35;A staff that prevents foes from using tomes or staves for 1 turn.;0
Obstruct;0;IID_アイスロック;Staff;0;100;0;0;0;0;1~8;D;10;500;30;A staff that conjures a mass of ice that makes one space impassable for 1 turn.;1
Fracture;0;IID_コラプス;Staff;0;70;0;0;0;0;1~10;B;10;1200;30;A staff imbued with magic that can break foes.;1
Fracture;Chapter 14;IID_コラプス_M014;Staff;0;70;0;0;0;0;1~10;B;3;100;35;A staff imbued with magic that can break foes.;0
Fracture;Paralogue 10;IID_コラプス_S010;Staff;0;100;0;0;0;0;1~15;B;3;100;35;A staff imbued with magic that can break foes.;0
Nodus;0;IID_ノードゥス;Staff;20;100;0;0;0;0;Inf;S;1;6000;30;A staff imbued with mysterious magic that sets all allies' engage meters to max.;1
Treat;0;IID_カップケーキ杖;Staff;15;100;0;0;0;0;1;D;20;500;25;A staff with a sweet scent. Recovers an ally's HP.;1
Initiate Art;0;IID_初心の法;Arts;5;95;0;5;0;30;1;D;---;500;0;A scroll of a fundamental martial skill. As a basic text, it does not attack twice.;1
Iron-Body Art;0;IID_鉄身の法;Arts;2;90;0;3;0;0;1;D;---;1000;0;A scroll of a basic martial skill. If user initiates combat, attacks twice.;1
Steel-Hand Art;0;IID_鋼身の法;Arts;5;70;5;5;0;0;1;C;---;2000;0;A scroll of a standard martial skill. If user initiates combat, attacks twice.;1
Silver-Spirit Art;0;IID_銀身の法;Arts;8;80;0;7;0;0;1;B;---;4000;0;A scroll of a highly polished martial skill. If user initiates combat, attacks twice.;1
Shielding Art;0;IID_護身の法;Arts;4;70;0;8;0;0;1;C;---;2500;0;A scroll of a defensive martial skill. Grants Def+5.;1
Flashing Fist Art;0;IID_閃進の法;Arts;9;80;0;9;0;0;1;A;---;6000;0;A scroll of brash martial skill. Grants Spd+5, but user takes +5 damage. If user initiates combat, attacks twice.;1
Divine Fist Art;0;IID_覇神の法;Arts;11;75;10;12;0;0;1;S;---;10000;0;A scroll of a legendary martial skill. If user initiates combat, attacks twice.;1
Scrollcake;0;IID_ロールケーキ体術;Arts;3;90;0;4;0;10;1;D;---;500;0;A martial skill scroll with a sweet scent. Disappears when consumed as an item, but recovers user's HP.;1
Fire Breath;0;IID_火のブレス;Special;12;100;0;5;0;0;1~3;D;---;100;0;A scorching breath attack. Ignores foe's Def/Res.;1
Fireball;0;IID_炎塊;Special;7;80;0;5;0;0;4;D;---;100;0;A long-range fire attack. Ignores foe's Def/Res.;1
Fell Assault;0;IID_ソンブル_物理攻撃;Special;20;80;0;20;0;0;1~3;S;---;100;0;A series of colossal ranged attacks.;1
Fell Surge;0;IID_ソンブル_魔法攻撃;Special;20;75;0;20;0;0;1~3;S;---;100;0;A powerful ranged strike of dark magic.;1
Whirling Death;0;IID_ソンブル_回転アタック;Special;13;90;0;16;0;0;1~3;S;---;100;0;A spin that brutally strikes an area. Attacks all foes within 3 spaces.;1
Howling Beam;0;IID_ソンブル_ビーム;Special;17;150;0;23;0;0;---;S;---;100;0;A powerful beam of dark magic that leaves a foul miasma in its wake.;1
Disengage;0;IID_ソンブル_エンゲージブレイク;Special;0;0;0;0;0;0;---;S;---;100;0;Forces all foes to lose engaged status.;1
Fell Stone;[Dragonstones];IID_邪竜石;Special;10;100;0;9;0;0;1;B;---;1000;0;A dragonstone that holds the Fell Dragon's power. Halves foe Def/Res.;0
Fell Ruinstone;0;IID_真邪竜石;Special;6;80;0;12;0;0;1~2;S;---;5000;0;A dragonstone that holds a Fell Dragon's power. Halves foe Def/Res. Can strike close or at range.;1
Fell Magicstone;Magic;IID_邪竜石_魔法攻撃;Special;6;85;0;10;0;0;1;A;---;3000;0;A dragonstone that holds a Fell Dragon's power. Magic attack using physical power. Halves foe Def/Res.;0
Fell Slaystone;Anti-cavalry;IID_邪竜石_騎馬特効;Special;6;90;0;10;0;0;1;A;---;3000;0;A dragonstone that holds a Fell Dragon's special power. Halves foe Def/Res. Effective: Cavalry.;0
Fell Weightstone;Anti-flier;IID_邪竜石_飛行特効;Special;6;95;0;9;0;0;1;A;---;3000;0;A dragonstone that holds a Fell Dragon's special power. Halves foe Def/Res. Effective: Flying.;0
Fell Spark;FX;IID_邪竜石_E;Special;10;100;0;9;0;0;1;B;---;100;0;An attack using the power of a Fell dragonstone. Halves foe Def/Res.;0
Fell Spark;FX5;IID_邪竜石_E005;Special;5;50;0;15;0;0;1;B;---;100;0;An attack using the power of a Fell dragonstone. Halves foe Def/Res.;0
Fell Arcana;Magic FX;IID_邪竜石_魔法攻撃_E;Special;6;85;0;10;0;0;1;A;---;100;0;An attack using the power of a Fell dragonstone. Magic attack using physical power. Halves foe Def/Res.;0
Fell Assault;0;IID_イル_反撃;Special;15;80;0;20;0;0;1~3;S;---;100;0;A series of colossal ranged attacks.;1
Fell Beam;0;IID_イル_薙払いビーム;Special;7;150;0;16;0;0;1~3;S;---;100;0;A beam of darkness that mows down foes over wide area. Guaranteed hit. Ignores Def/Res.;1
Devastation;0;IID_イル_突進;Special;17;150;0;23;0;0;---;S;---;100;0;Destroys terrain around the unit, killing friend and foe alike. Channels life force of the slain into power.;1
Drain Essence;0;IID_イル_吸収;Special;17;90;0;23;0;0;1~3;S;---;100;0;Instantly kills all units in the area, friend and foe alike. Channels life force of the slain into power.;1
Summon Vortex;0;IID_イル_召喚;Special;0;0;0;0;0;0;---;S;---;100;0;Creates vortexes that summon Corrupted.;1
Standard Blast;[Mage Cannoneer] Physical;IID_弾_物理;Special;5;75;-80;13;0;0;3~8;C;---;250;0;Standard cannonball. Cannot follow up. Reduced Hit for distant targets.;0
Magic Blast;Magical;IID_弾_魔法;Special;5;70;-80;15;0;0;3~8;B;---;250;0;Cannonball infused with magic. Cannot follow up. Reduced Hit for distant targets.;0
Freeze Blast;Freeze;IID_弾_フリーズ;Special;3;75;-80;10;0;0;3~8;B;---;500;0;Magic cannonball with a 50% chance to freeze target. Cannot follow up. Reduced Hit for distant targets.;0
Silence Blast;Silence;IID_弾_サイレス;Special;3;75;-80;10;0;0;3~8;B;---;500;0;Magic cannonball with a 50% chance to silence target. Cannot follow up. Reduced Hit for distant targets.;0
Break Blast;Break;IID_弾_ブレイク;Special;3;75;-80;10;0;0;3~8;B;---;300;0;Magic cannonball with 50% chance of breaking target. Cannot follow up. Reduced Hit for distant targets.;0
Venom Blast;Poison;IID_弾_毒;Special;3;75;-80;10;0;0;3~8;C;---;300;0;Magic cannonball that inflicts deadly poison on hit. Cannot follow up. Reduced Hit for distant targets.;0
Tornado Blast;Anti-flying;IID_弾_飛行特効;Special;6;70;-80;15;0;0;3~8;B;---;500;0;Wind magic cannonball. Cannot follow up. Reduced Hit for distant targets. Effective: Flying.;0
Armor Blast;Anti-armor;IID_弾_重装特効;Special;6;70;-80;15;0;0;3~8;B;---;500;0;Cannonball for armored foes. Cannot follow up. Reduced Hit for distant targets. Effective: Armored.;0
Rider Blast;Anti-cavalry;IID_弾_騎馬特効;Special;6;70;-80;15;0;0;3~8;A;---;600;0;Cannonball for cavalry foes. Cannot follow up. Reduced Hit for distant targets. Effective: Cavalry.;0
Wyrm Blast;Anti-dragon;IID_弾_竜特効;Special;6;70;-80;15;0;0;3~8;A;---;600;0;Cannonball for dragon foes. Cannot follow up. Reduced Hit for distant targets. Effective: Dragon.;0
Holy Blast;Anti-corrupted;IID_弾_異形特効;Special;6;70;-80;15;0;0;3~8;A;---;600;0;Cannonball for the Corrupted. Cannot follow up. Reduced Hit for distant targets. Effective: Corrupted.;0
Mighty Blast;Physical strong;IID_弾_物理_強;Special;10;65;-80;18;0;0;3~8;A;---;500;0;High-powered cannonball. Cannot follow up. Reduced Hit for distant targets.;0
Eldritch Blast;Magical strong;IID_弾_魔法_強;Special;10;60;-80;20;0;0;3~8;A;---;500;0;Cannonball infused with powerful magic. Cannot follow up. Reduced Hit for distant targets.;0
Piercing Blast;Negate defenses;IID_弾_防御無視;Special;20;65;-80;17;0;0;3~8;S;---;700;0;Cannonball that ignores Def/Res. Cannot follow up. Reduced Hit for distant targets.;0
Fangs;Fang;IID_牙;Special;7;95;0;3;0;0;1;B;---;100;0;Sharp, cursed fangs. If user initiates combat and hits, inflicts max HP-5 on foe after combat. (Stacks to -20.);0
Freezing Breath;0;IID_氷のブレス;Special;11;100;0;5;0;0;1~2;C;---;100;0;An icy breath attack. Ignores foe Def/Res. Freezes foe.;1
Miasma Breath;0;IID_瘴気のブレス;Special;11;100;0;5;0;0;1~2;B;---;100;0;Miasma breath attack. Ignores foe Def/Res. Applies miasma to foe's space.;1
Iceball;0;IID_氷塊;Special;6;80;0;5;0;0;3;C;---;100;0;A long-range ice attack. Ignores foe Def/Res. Freezes foe.;1
Miasma Ball;0;IID_瘴気の塊;Special;6;80;0;5;0;0;3~5;B;---;100;0;Ranged miasma attack. Ignores foe Def/Res. Inflicts freeze and silence. Applies miasma to foe's space.;1
Flame Cannon;0;IID_火炎砲台;Special;0;0;0;0;0;0;---;D;---;100;0;Use to attack all units within a 2-space radius of a target point and set the same area on fire.;1
Flame Cannon;Chapter 19;IID_火炎砲台_M019;Special;0;0;0;0;0;0;---;D;---;100;0;Use to attack all units within a 2-space radius of a target point and set the same area on fire.;0
Flame Cannon;Paralogue 13;IID_火炎砲台_S013;Special;0;80;0;0;0;0;---;D;---;100;0;Use to attack all units within a 2-space radius of a target point and set the same area on fire.;0
Rapier;0;IID_マルス_レイピア;Sword;7;95;0;3;20;0;1;D;---;100;0;Sword wielded by Emblem Marth. Effective: Cavalry, Armored.;0
Rapier;Normal;IID_マルス_レイピア_通常;Sword;12;95;0;3;20;0;1;D;---;100;0;Sword wielded by Emblem Marth. Effective: Cavalry, Armored.;0
Mercurius;0;IID_マルス_メリクルソード;Sword;12;80;0;7;0;0;1;D;---;100;0;Sword wielded by Emblem Marth. Doubles user's earned experience.;0
Mercurius;Normal;IID_マルス_メリクルソード_通常;Sword;18;80;0;7;0;0;1;D;---;100;0;Sword wielded by Emblem Marth. Doubles user's earned experience.;0
Falchion;0;IID_マルス_ファルシオン;Sword;12;100;0;10;0;0;1;D;---;100;0;Sacred sword wielded by Emblem Marth. Effective: Dragon.;0
Falchion;Normal;IID_マルス_ファルシオン_通常;Sword;12;100;0;10;0;0;1;D;---;100;0;Sacred sword wielded by Emblem Marth. Effective: Dragon.;0
Falchion;Prologue;IID_マルス_ファルシオン_M000;Sword;12;100;0;10;0;0;1;D;---;100;0;An exalted legendary weapon. Effective: Dragon.;0
Ridersbane;0;IID_シグルド_ナイトキラー;Lance;10;75;0;6;0;0;1;D;---;100;0;Lance wielded by Emblem Sigurd. Effective: Cavalry.;0
Ridersbane;Normal;IID_シグルド_ナイトキラー_通常;Lance;10;75;0;6;0;0;1;D;---;100;0;Lance wielded by Emblem Sigurd. Effective: Cavalry.;0
Brave Lance;0;IID_シグルド_ゆうしゃのやり;Lance;7;60;0;12;0;0;1;D;---;100;0;Lance wielded by Emblem Sigurd. If user initiates combat, attacks twice.;0
Brave Lance;Normal;IID_シグルド_ゆうしゃのやり_通常;Lance;7;60;0;12;0;0;1;D;---;100;0;Lance wielded by Emblem Sigurd. If user initiates combat, attacks twice.;0
Tyrfing;0;IID_シグルド_ティルフィング;Sword;15;80;0;7;0;0;1;D;---;100;0;Sword wielded by Emblem Sigurd. Grants Res+5.;0
Tyrfing;Normal;IID_シグルド_ティルフィング_通常;Sword;12;80;0;7;0;0;1;D;---;100;0;Sword wielded by Emblem Sigurd.;0
Seraphim;0;IID_セリカ_エンジェル;Tome;6;90;0;4;0;0;1~2;D;---;100;0;Holy tome wielded by Emblem Celica. Effective: Corrupted.;0
Seraphim;Normal;IID_セリカ_エンジェル_通常;Tome;6;90;0;4;0;0;1~2;D;---;100;0;Holy tome wielded by Emblem Celica. Effective: Corrupted.;0
Recover;0;IID_セリカ_リカバー;Staff;40;100;0;0;0;0;1;D;---;100;40;Staff wielded by Emblem Celica. Recovers a great deal of HP.;0
Recover;Normal;IID_セリカ_リカバー_通常;Staff;40;100;0;0;0;0;1;D;---;100;40;Staff wielded by Emblem Celica. Recovers a great deal of HP.;0
Ragnarok;0;IID_セリカ_ライナロック;Tome;15;95;10;12;0;0;1~2;D;---;100;0;Mighty fire tome wielded by Emblem Celica.;0
Ragnarok;Normal;IID_セリカ_ライナロック_通常;Tome;15;95;10;12;0;0;1~2;D;---;100;0;Mighty fire tome wielded by Emblem Celica.;0
Shine;0;IID_ミカヤ_シャイン;Tome;7;90;10;5;0;0;1~2;D;---;100;0;Light tome wielded by Emblem Micaiah. Illuminates a 5-space radius (shrinks one space per turn).;0
Shine;Normal;IID_ミカヤ_シャイン_通常;Tome;7;90;10;5;0;0;1~2;D;---;100;0;Light tome wielded by Emblem Micaiah. Illuminates a 5-space radius (shrinks one space per turn).;0
Nosferatu;0;IID_ミカヤ_リザイア;Tome;9;85;0;7;0;0;1~2;D;---;100;0;Light tome wielded by Emblem Micaiah. User recovers HP equal to 50% of damage dealt.;0
Nosferatu;Normal;IID_ミカヤ_リザイア_通常;Tome;9;85;0;7;0;0;1~2;D;---;100;0;Light tome wielded by Emblem Micaiah. User recovers HP equal to 50% of damage dealt.;0
Thani;0;IID_ミカヤ_セイニー;Tome;11;100;0;6;0;0;1~2;D;---;100;0;Mighty light tome wielded by Emblem Micaiah. Effective: Cavalry, Armored.;0
Thani;Normal;IID_ミカヤ_セイニー_通常;Tome;11;100;0;6;0;0;1~2;D;---;100;0;Mighty light tome wielded by Emblem Micaiah. Effective: Cavalry, Armored.;0
Sacrifice;0;IID_癒しの手;Staff;255;100;0;0;0;0;Inf;-;---;100;25;;0
Sacrifice;Armor;IID_癒しの手_重装;Staff;255;100;0;0;0;0;Inf;-;---;100;25;;0
Sacrifice;Qi Adept;IID_癒しの手_気功;Staff;255;0;0;0;0;0;Inf;-;---;100;25;;0
Lancereaver;0;IID_ロイ_ランスバスター;Sword;9;80;5;9;0;0;1;D;---;100;0;Unusual sword wielded by Emblem Roy. Grants advantage vs. lances but disadvantage vs. axes.;0
Lancereaver;Normal;IID_ロイ_ランスバスター_通常;Sword;9;80;5;9;0;0;1;D;---;100;0;Unusual sword wielded by Emblem Roy. Grants advantage vs. lances but disadvantage vs. axes.;0
Wyrmslayer;0;IID_ロイ_ドラゴンキラー;Sword;10;70;0;5;0;0;1;D;---;100;0;Sword wielded by Emblem Roy. Effective: Dragon.;0
Wyrmslayer;Normal;IID_ロイ_ドラゴンキラー_通常;Sword;10;70;0;5;0;0;1;D;---;100;0;Sword wielded by Emblem Roy. Effective: Dragon.;0
Binding Blade;0;IID_ロイ_封印の剣;Sword;14;95;10;8;0;0;1~2;D;---;100;0;Famous sword wielded by Emblem Roy. Grants Def/Res+5. Can strike close or at range.;0
Binding Blade;Normal;IID_ロイ_封印の剣_通常;Sword;14;95;10;8;0;0;1~2;D;---;100;0;Famous sword wielded by Emblem Roy. Grants Def/Res+5. Can strike close or at range.;0
Killer Axe;0;IID_リーフ_キラーアクス;Axe;11;65;30;11;0;0;1;D;---;100;0;Axe wielded by Emblem Leif. Easily inflicts fatal wounds.;0
Killer Axe;Normal;IID_リーフ_キラーアクス_通常;Axe;11;65;30;11;0;0;1;D;---;100;0;Axe wielded by Emblem Leif. Easily inflicts fatal wounds.;0
Killer Axe;Chapter 8;IID_リーフ_キラーアクス_M008;Axe;11;65;30;11;0;0;1;D;---;100;0;An Emblem's axe. Easy to inflict a fatal wound with.;0
Killer Axe;Chapter 11;IID_リーフ_キラーアクス_M011;Axe;11;65;10;11;0;0;1;D;---;100;0;Axe wielded by Emblem Leif. Easily inflicts fatal wounds.;0
Master Lance;0;IID_リーフ_マスターランス;Lance;7;55;0;16;0;0;1~2;D;---;100;0;Lance wielded by Emblem Leif. If user initiates combat, attacks twice. Can strike close or at range.;0
Master Lance;Normal;IID_リーフ_マスターランス_通常;Lance;7;55;0;16;0;0;1~2;D;---;100;0;Lance wielded by Emblem Leif. If user initiates combat, attacks twice. Can strike close or at range.;0
Master Lance;Chapter 8;IID_リーフ_マスターランス_M008;Lance;7;55;0;16;0;0;1~2;D;---;100;0;An Emblem's lance that can strike from a distance. If user initiates combat, attacks twice.;0
Light Brand;0;IID_リーフ_ひかりの剣;Sword;15;75;20;6;0;0;1~2;D;---;100;0;Magical sword wielded by Emblem Leif. Grants Lck+10. Can strike close or at range.;0
Light Brand;Normal;IID_リーフ_ひかりの剣_通常;Sword;15;75;20;6;0;0;1~2;D;---;100;0;Magical sword wielded by Emblem Leif. Grants Lck+10. Can strike close or at range.;0
Master Bow;0;IID_リーフ_マスターボウ;Bow;6;65;0;14;0;0;1~2;D;---;100;0;;0
Noble Rapier;0;IID_ルキナ_ノーブルレイピア;Sword;8;85;10;8;0;0;1;D;---;100;0;Sword wielded by Emblem Lucina. Effective: Cavalry, Armored.;0
Noble Rapier;Normal;IID_ルキナ_ノーブルレイピア_通常;Sword;8;85;10;8;0;0;1;D;---;100;0;Sword wielded by Emblem Lucina. Effective: Cavalry, Armored.;0
Noble Rapier;Chapter 7;IID_ルキナ_ノーブルレイピア_M007;Sword;8;85;10;8;0;0;1;D;---;100;0;An Emblem's sword. Effective: Cavalry, Armored.;0
Parthia;0;IID_ルキナ_パルティア;Bow;17;95;5;14;0;0;2;D;---;100;0;Bow wielded by Emblem Lucina. Doubles user's earned experience. Grants Res+5. Effective: Flying.;0
Parthia;Normal;IID_ルキナ_パルティア_通常;Bow;17;95;5;14;0;0;2;D;---;100;0;Bow wielded by Emblem Lucina. Doubles user's earned experience. Grants Res+5. Effective: Flying.;0
Parallel Falchion;0;IID_ルキナ_裏剣ファルシオン;Sword;10;80;5;10;0;0;1;D;---;100;0;Sacred sword wielded by Emblem Lucina. Effective: Dragon.;0
Parallel Falchion;Normal;IID_ルキナ_裏剣ファルシオン_通常;Sword;10;80;5;10;0;0;1;D;---;100;0;Sacred sword wielded by Emblem Lucina. Effective: Dragon.;0
Killer Bow;0;IID_リン_キラーボウ;Bow;9;75;30;7;0;0;2;D;---;100;0;Bow wielded by Emblem Lyn. Easily inflicts fatal wounds. Effective: Flying.;0
Killer Bow;Normal;IID_リン_キラーボウ_通常;Bow;7;75;0;7;0;0;2;D;---;100;0;Bow wielded by Emblem Lyn. Effective: Flying.;0
Killer Bow;Chapter 10;IID_リン_キラーボウ_M010;Bow;9;75;10;7;0;0;2;D;---;100;0;An Emblem's bow. Easy to inflict a fatal wound with. Effective: Flying.;0
Mani Katti;0;IID_リン_マーニ・カティ;Sword;6;80;20;5;0;0;1;D;---;100;0;Divine sword wielded by Emblem Lyn. Effective: Cavalry, Armored.;0
Mani Katti;Normal;IID_リン_マーニ・カティ_通常;Sword;6;80;0;5;0;0;1;D;---;100;0;Divine sword wielded by Emblem Lyn. Effective: Cavalry, Armored.;0
Mani Katti;Chapter 10;IID_リン_マーニ・カティ_M010;Sword;6;80;5;5;0;0;1;D;---;100;0;Divine sword wielded by Emblem Lyn. Effective: Cavalry, Armored.;0
Mani Katti;Doubles;IID_残像_マーニ・カティ;Sword;6;80;20;5;0;0;1;D;---;100;0;Divine sword wielded by Emblem Lyn. Effective: Cavalry, Armored.;0
Mulagir;0;IID_リン_ミュルグレ;Bow;16;80;0;9;0;0;2;D;---;100;0;Mighty bow wielded by Emblem Lyn. Grants Spd+5. Effective: Flying, Dragon.;0
Mulagir;Normal;IID_リン_ミュルグレ_通常;Bow;16;80;0;9;0;0;2;D;---;100;0;Mighty bow wielded by Emblem Lyn. Grants Spd+5. Effective: Flying, Dragon.;0
Hammer;0;IID_アイク_ハンマー;Axe;18;55;0;15;0;0;1;D;---;100;0;Hammer of Emblem Ike. Smashes foes. Cannot follow up, or strike first if initiating combat. Eff: Armored.;0
Hammer;Normal;IID_アイク_ハンマー_通常;Axe;18;55;0;15;0;0;1;D;---;100;0;Hammer of Emblem Ike. Smashes foes. Cannot follow up, or strike first if initiating combat. Eff: Armored.;0
Urvan;0;IID_アイク_ウルヴァン;Axe;21;90;5;19;0;0;1;D;---;100;0;Heirloom axe wielded by Emblem Ike. Grants Res+3.;0
Urvan;Normal;IID_アイク_ウルヴァン_通常;Axe;21;90;5;19;0;0;1;D;---;100;0;Heirloom axe wielded by Emblem Ike. Grants Res+3.;0
Ragnell;0;IID_アイク_ラグネル;Sword;16;80;5;15;0;0;1~2;D;---;100;0;Sacred sword wielded by Emblem Ike. Grants Def+5. Can strike close or at range.;0
Ragnell;Normal;IID_アイク_ラグネル_通常;Sword;16;80;5;15;0;0;1~2;D;---;100;0;Sacred sword wielded by Emblem Ike. Grants Def+5. Can strike close or at range.;0
Aymr;0;IID_ベレト_アイムール;Axe;24;60;20;11;0;0;1;D;---;100;0;Axe of Emblem Byleth. Smashes foes. Cannot follow up, or strike first if initiating combat. Eff: Dragon.;0
Blutgang;0;IID_ベレト_ブルトガング;Sword;8;80;0;7;0;0;1;D;---;100;0;Magical sword wielded by Emblem Byleth. Effective: Dragon, Cavalry.;0
Blutgang;Normal;IID_ベレト_ブルトガング_通常;Sword;8;80;0;7;0;0;1;D;---;100;0;Magical sword wielded by Emblem Byleth. Effective: Dragon, Cavalry.;0
Lúin;0;IID_ベレト_ルーン;Lance;11;90;10;9;0;0;1;D;---;100;0;Lance wielded by Emblem Byleth. Raises damage based on user's Spd. Effective: Dragon.;0
Lúin;Chapter 10;IID_ベレト_ルーン_M010;Lance;11;90;10;9;0;0;1;D;---;100;0;An Emblem's lance. Raises damage based on user's Spd. Effective: Dragon.;0
Areadbhar;0;IID_ベレト_アラドヴァル;Lance;14;75;10;9;0;0;1;D;---;100;0;Lance wielded by Emblem Byleth. If user initiates combat, grants Mt+50%.;0
Failnaught;0;IID_ベレト_フェイルノート;Bow;13;75;20;9;0;0;2~3;D;---;100;0;Bow wielded by Emblem Byleth. If user initiates combat, grants Avo+20. Effective: Dragon, Flying.;0
Vajra-Mushti;0;IID_ベレト_ヴァジュラ;Arts;5;90;10;7;0;0;1;D;---;100;0;Gauntlets wielded by Emblem Byleth. If user initiates combat, attacks twice. Uses lowest of foe's Def/Res.;0
Vajra-Mushti;Normal;IID_ベレト_ヴァジュラ_通常;Arts;5;90;10;7;0;0;1;D;---;100;0;Gauntlets wielded by Emblem Byleth. If user initiates combat, attacks twice. Uses lowest of foe's Def/Res.;0
Sword of the Creator;0;IID_ベレト_天帝の覇剣;Sword;11;90;10;7;0;0;1~2;D;---;100;0;Sword of Emblem Byleth. Raises damage with user's Mag. Can strike close or at range. Effective: Dragon;0
Sword of the Creator;Normal;IID_ベレト_天帝の覇剣_通常;Sword;11;90;10;7;0;0;1~2;D;---;100;0;Sword of Emblem Byleth. Raises damage with user's Mag. Can strike close or at range. Effective: Dragon;0
Sword of the Creator;Chapter 14;IID_ベレト_天帝の覇剣_M014;Sword;11;90;10;7;0;0;1~2;D;---;100;0;An Emblem's sword. Raises damage with user's Mag. Can strike close or at range. Effective: Dragon;0
Goddess Dance;0;IID_女神の舞;Staff;0;0;0;0;0;0;1;-;---;100;30;;0
Diabolical Dance;0;IID_女神の舞_闇;Staff;0;0;0;0;0;0;1~2;-;---;100;30;;0
Dual Katana;0;IID_カムイ_逆刀;Sword;8;75;5;7;0;0;1;D;---;100;0;Unusual sword wielded by Emblem Corrin. Grants advantage vs. lances but disadvantage vs. axes.;0
Dual Katana;Normal;IID_カムイ_逆刀_通常;Sword;8;75;5;7;0;0;1;D;---;100;0;Unusual sword wielded by Emblem Corrin. Grants advantage vs. lances but disadvantage vs. axes.;0
Wakizashi;0;IID_カムイ_飛刀;Sword;10;75;0;10;-10;0;2;D;---;100;0;Throwing sword wielded by Emblem Corrin. Can only strike at range, not close up.;0
Wakizashi;Normal;IID_カムイ_飛刀_通常;Sword;10;75;0;10;-10;0;2;D;---;100;0;Throwing sword wielded by Emblem Corrin. Can only strike at range, not close up.;0
Yato;0;IID_カムイ_夜刀神;Sword;16;85;10;9;10;10;1;D;---;100;0;Sacred sword wielded by Emblem Corrin.;0
Yato;Normal;IID_カムイ_夜刀神_通常;Sword;16;85;10;9;10;10;1;D;---;100;0;Sacred sword wielded by Emblem Corrin.;0
Dragon Fang;0;IID_カムイ_竜穿;Special;20;100;0;7;0;0;1;D;---;100;0;Skill wielded by Emblem Corrin.;0
Rapier;0;IID_エイリーク_レイピア;Sword;7;95;10;5;0;0;1;D;---;100;0;Sword wielded by Emblem Eirika. Effective: Cavalry, Armored.;0
Rapier;Normal;IID_エイリーク_レイピア_通常;Sword;7;95;10;5;0;0;1;D;---;100;0;Sword wielded by Emblem Eirika. Effective: Cavalry, Armored.;0
Wind Sword;0;IID_エイリーク_かぜの剣;Sword;10;70;0;9;0;0;1~2;D;---;100;0;Magical sword wielded by Emblem Eirika. Can strike close or at range. Effective: Flying.;0
Wind Sword;Normal;IID_エイリーク_かぜの剣_通常;Sword;10;70;0;9;0;0;1~2;D;---;100;0;Magical sword wielded by Emblem Eirika. Can strike close or at range. Effective: Flying.;0
Sieglinde;0;IID_エイリーク_ジークリンデ;Sword;12;90;0;9;0;0;1;D;---;100;0;Paired sword wielded by Emblem Eirika. Effective: Corrupted.;0
Sieglinde;Normal;IID_エイリーク_ジークリンデ_通常;Sword;12;90;0;9;0;0;1;D;---;100;0;Paired sword wielded by Emblem Eirika. Effective: Corrupted.;0
Siegmund;0;IID_エフラム_ジークムント;Lance;13;80;0;11;0;0;1;D;---;100;0;Paired lance wielded by Emblem Ephraim. Effective: Corrupted.;0
Oligoludia;Alear;IID_リュール_オリゴルディア;Sword;8;90;0;7;0;0;1;D;---;100;0;Sword wielded by Emblem \0. Effective: Corrupted.;0
Oligoludia;Alear;IID_リュール_オリゴルディア_通常;Sword;8;90;0;7;0;0;1;D;---;100;0;Sword wielded by Emblem \0. Effective: Corrupted.;0
Dragon's Fist;Alear;IID_リュール_竜神の法;Arts;10;85;0;9;0;0;1;D;---;100;0;Magical attack wielded by Emblem \0. If user initiates combat, attacks twice. (Uses Mag.);0
Dragon's Fist;Alear;IID_リュール_竜神の法_通常;Arts;10;85;0;9;0;0;1;D;---;100;0;Magical attack wielded by Emblem \0. If user initiates combat, attacks twice. (Uses Mag.);0
Lyrátion;Alear;IID_リュール_ライラシオン;Sword;15;90;10;10;0;0;1;D;---;100;0;Sword of Emblem \0. If user defeats foe in player phase, fills adjacent allies' engage meters by 1.;0
Lyrátion;Alear;IID_リュール_ライラシオン_通常;Sword;15;90;10;10;0;0;1;D;---;100;0;Sword of Emblem \0. If user defeats foe in player phase, fills adjacent allies' engage meters by 1.;0
;Alear Beam;IID_リュール_ビーム;Special;20;100;0;5;0;0;1;D;---;100;0;;
;Marth Falchion N Black;IID_マルス_ファルシオン_通常黒;Sword;0;0;0;0;0;0;---;-;---;100;0;;
;Sigurd Tyrfing N Black;IID_シグルド_ティルフィング_通常黒;Sword;0;0;0;0;0;0;---;-;---;100;0;;
;Leif Light Brand N Black;IID_リーフ_ひかりの剣_通常黒;Sword;0;0;0;0;0;0;---;-;---;100;0;;
;Roy Binding Blade N Black;IID_ロイ_封印の剣_通常黒;Sword;0;0;0;0;0;0;---;-;---;100;0;;
;Eirika Sieglinde N Black;IID_エイリーク_ジークリンデ_通常黒;Sword;0;0;0;0;0;0;---;-;---;100;0;;
;Ike Ragnell N Black;IID_アイク_ラグネル_通常黒;Sword;0;0;0;0;0;0;---;-;---;100;0;;
;Lucina P Falchion N Black;IID_ルキナ_裏剣ファルシオン_通常黒;Sword;0;0;0;0;0;0;---;-;---;100;0;;
;Corrin Yato Sync;IID_カムイ_夜刀神_シンクロ専用;Sword;0;0;0;0;0;0;---;-;---;100;0;;
;Corrin Yato Sync Black;IID_カムイ_夜刀神_シンクロ専用黒;Sword;0;0;0;0;0;0;---;-;---;100;0;;
;Byleth Creator Sword Sync;IID_ベレト_天帝の剣_シンクロ専用;Sword;0;0;0;0;0;0;---;-;---;100;0;;
;Byleth Creator Sword Sync Black;IID_ベレト_天帝の剣_シンクロ専用黒;Sword;0;0;0;0;0;0;---;-;---;100;0;;
;Lyn Murgleis N Black;IID_リン_ミュルグレ_通常黒;Bow;0;0;0;0;0;0;---;-;---;100;0;;
;Micaiah Thani N Black;IID_ミカヤ_セイニー_通常黒;Tome;0;0;0;0;0;0;---;-;---;100;0;;
Aymr;0;IID_三級長_アイムール;Axe;24;60;20;11;0;0;1;D;---;100;0;Axe of Emblem Edelgard. Smashes foes. Cannot follow up, or strike first if initiating combat. Eff: Dragon.;0
Aymr;Normal;IID_三級長_アイムール_通常;Axe;24;60;20;11;0;0;1;D;---;100;0;Axe of Emblem Edelgard. Smashes foes. Cannot follow up, or strike first if initiating combat. Eff: Dragon.;0
Areadbhar;0;IID_三級長_アラドヴァル;Lance;14;75;10;9;0;0;1;D;---;100;0;Lance wielded by Emblem Dimitri. If user initiates combat, grants Mt+50%.;0
Areadbhar;Normal;IID_三級長_アラドヴァル_通常;Lance;14;75;10;9;0;0;1;D;---;100;0;Lance wielded by Emblem Dimitri. If user initiates combat, grants Mt+50%.;0
Failnaught;0;IID_三級長_フェイルノート;Bow;13;75;20;9;0;0;2~3;D;---;100;0;Bow wielded by Emblem Claude. If user initiates combat, grants Avo+20. Effective: Dragon, Flying.;0
Failnaught;Normal;IID_三級長_フェイルノート_通常;Bow;13;75;20;9;0;0;2~3;D;---;100;0;Bow wielded by Emblem Claude. If user initiates combat, grants Avo+20. Effective: Dragon, Flying.;0
Eternal Claw;0;IID_チキ_つめ;Special;10;90;30;8;0;0;1;D;---;100;0;Claw attack used by Emblem Tiki. Easily inflicts fatal wounds.;0
Eternal Claw;FX6;IID_チキ_つめ_E006;Special;10;90;30;8;0;0;1;D;---;100;0;Claw attack used by Emblem Tiki. Easily inflicts fatal wounds.;0
Eternal Claw;Normal;IID_チキ_つめ_通常;Special;10;90;30;8;0;0;1;D;---;100;0;Claw attack used by Emblem Tiki. Easily inflicts fatal wounds.;0
Eternal Claw;Normal Weakest;IID_チキ_つめ_通常_G001_最弱;Special;3;60;15;13;0;0;1;D;---;100;0;Claw attack used by Emblem Tiki. Easily inflicts fatal wounds.;0
Eternal Claw;Normal Weak;IID_チキ_つめ_通常_G001_弱;Special;5;70;20;10;0;0;1;D;---;100;0;Claw attack used by Emblem Tiki. Easily inflicts fatal wounds.;0
Eternal Claw;Normal Mid;IID_チキ_つめ_通常_G001_微弱;Special;8;80;25;9;0;0;1;D;---;100;0;Claw attack used by Emblem Tiki. Easily inflicts fatal wounds.;0
Eternal Claw;Normal Strong;IID_チキ_つめ_通常_G001_強;Special;13;100;30;8;0;0;1;D;---;100;0;Claw attack used by Emblem Tiki. Easily inflicts fatal wounds.;0
Eternal Claw;Normal Strongest;IID_チキ_つめ_通常_G001_最強;Special;18;100;30;8;0;0;1;D;---;100;0;Claw attack used by Emblem Tiki. Easily inflicts fatal wounds.;0
Tail Smash;0;IID_チキ_しっぽ;Special;22;85;0;13;0;0;1;D;---;100;0;Smash attack used by Emblem Tiki. Smashes foes. Cannot follow up, or strike first if initiating combat.;0
Tail Smash;FX6;IID_チキ_しっぽ_E006;Special;22;85;0;13;0;0;1;D;---;100;0;Smash attack used by Emblem Tiki. Smashes foes. Cannot follow up, or strike first if initiating combat.;0
Tail Smash;Normal;IID_チキ_しっぽ_通常;Special;22;85;0;13;0;0;1;D;---;100;0;Smash attack used by Emblem Tiki. Smashes foes. Cannot follow up, or strike first if initiating combat.;0
Tail Smash;Normal Weakest;IID_チキ_しっぽ_通常_G001_最弱;Special;14;85;0;13;0;0;1;D;---;100;0;Smash attack used by Emblem Tiki. Smashes foes. Cannot follow up, or strike first if initiating combat.;0
Tail Smash;Normal Weak;IID_チキ_しっぽ_通常_G001_弱;Special;17;85;0;13;0;0;1;D;---;100;0;Smash attack used by Emblem Tiki. Smashes foes. Cannot follow up, or strike first if initiating combat.;0
Tail Smash;Normal Mid;IID_チキ_しっぽ_通常_G001_微強;Special;27;85;0;13;0;0;1;D;---;100;0;Smash attack used by Emblem Tiki. Smashes foes. Cannot follow up, or strike first if initiating combat.;0
Tail Smash;Normal Strong;IID_チキ_しっぽ_通常_G001_強;Special;32;85;0;13;0;0;1;D;---;100;0;Smash attack used by Emblem Tiki. Smashes foes. Cannot follow up, or strike first if initiating combat.;0
Tail Smash;Normal Strongest;IID_チキ_しっぽ_通常_G001_最強;Special;35;85;0;13;0;0;1;D;---;100;0;Smash attack used by Emblem Tiki. Smashes foes. Cannot follow up, or strike first if initiating combat.;0
Fire Breath;0;IID_チキ_ブレス;Special;10;75;0;15;0;0;1;D;---;100;0;Strikes foes in area at half Def. Sets area on fire. Cannot follow up, or strike first if initiating combat.;0
Fog Breath;Dragon;IID_チキ_ブレス_竜族;Special;10;75;0;15;0;0;1;D;---;100;0;Strikes foes in area at half Def. Eff: Dragon. Creates fog. Cannot follow up, or strike first if initiating combat.;0
Ice Breath;Armor;IID_チキ_ブレス_重装;Special;10;75;0;15;0;0;1;D;---;100;0;Strikes foes in area at half Def. Freezes foes. Cannot follow up, or strike first if initiating combat.;0
Flame Breath;Flying;IID_チキ_ブレス_飛行;Special;10;75;0;15;0;0;1;D;---;100;0;Sets area on fire. Strikes foes at 70% damage and half Def. Cannot follow up, or strike first if initiating combat.;0
Dark Breath;Mystical;IID_チキ_ブレス_魔法;Special;10;75;0;15;0;0;1;D;---;100;0;Magically strikes foes in area at half Res. Cannot follow up, or strike first if initiating combat.;0
Fire Breath;FX1;IID_チキ_ブレス_E001;Special;14;75;0;15;0;0;1;D;---;100;0;Strikes foes in area at half Def. Sets area on fire. Cannot follow up, or strike first if initiating combat.;0
Fire Breath;FX6;IID_チキ_ブレス_E006;Special;10;75;0;15;0;0;1;D;---;100;0;Strikes foes in area at half Def. Sets area on fire. Cannot follow up, or strike first if initiating combat.;0
Fog Breath;Normal;IID_チキ_ブレス_通常;Special;10;75;0;15;0;0;1;D;---;100;0;Strikes foes in area at half Def. Eff: Dragon. Creates fog. Cannot follow up, or strike first if initiating combat.;0
Fog Breath;Normal Weakest;IID_チキ_ブレス_通常_G001_最弱;Special;2;75;0;15;0;0;1;D;---;100;0;Strikes foes in area at half Def. Eff: Dragon. Creates fog. Cannot follow up, or strike first if initiating combat.;0
Fog Breath;Normal Weak;IID_チキ_ブレス_通常_G001_弱;Special;7;75;0;15;0;0;1;D;---;100;0;Strikes foes in area at half Def. Eff: Dragon. Creates fog. Cannot follow up, or strike first if initiating combat.;0
Fog Breath;Normal Strong;IID_チキ_ブレス_通常_G001_強;Special;13;75;0;15;0;0;1;D;---;100;0;Strikes foes in area at half Def. Eff: Dragon. Creates fog. Cannot follow up, or strike first if initiating combat.;0
Fog Breath;Normal Strongest;IID_チキ_ブレス_通常_G001_最強;Special;16;75;0;15;0;0;1;D;---;100;0;Strikes foes in area at half Def. Eff: Dragon. Creates fog. Cannot follow up, or strike first if initiating combat.;0
;Tiki Sync;IID_チキ_シンクロ武器;Special;0;0;0;0;0;0;---;D;---;100;0;;
Divine Blessing;0;IID_祝福;Staff;0;0;0;0;0;0;1;D;---;100;40;;0
Divine Blessing;Dragon;IID_祝福_竜族;Staff;20;0;0;0;0;0;1;D;---;100;40;;0
Divine Blessing;Qi Adept;IID_祝福_気功;Staff;0;0;0;0;0;0;1;D;---;100;40;;0
Divine Blessing+;0;IID_祝福＋;Staff;0;0;0;0;0;0;1;D;---;100;45;;0
Divine Blessing+;Dragon;IID_祝福＋_竜族;Staff;20;0;0;0;0;0;1;D;---;100;45;;0
Divine Blessing+;Qi Adept;IID_祝福＋_気功;Staff;0;0;0;0;0;0;1;D;---;100;45;;0
Divine Blessing;FX1;IID_祝福_E001;Staff;0;0;0;0;0;0;1;D;---;100;40;;0
Wolf Beil;0;IID_ヘクトル_ヴォルフバイル;Axe;10;75;5;10;0;0;1;D;---;100;0;Axe wielded by Emblem Hector. Effective: Cavalry, Armored.;0
Wolf Beil;Normal;IID_ヘクトル_ヴォルフバイル_通常;Axe;10;70;5;10;0;0;1;D;---;100;0;Axe wielded by Emblem Hector. Effective: Cavalry, Armored.;0
Wolf Beil;DP2 Low Hit;IID_ヘクトル_ヴォルフバイル_通常_G002_低命中;Axe;10;70;5;10;0;0;1;D;---;100;0;Axe wielded by Emblem Hector. Effective: Cavalry, Armored.;0
Wolf Beil;DP2 Weakest Low Hit;IID_ヘクトル_ヴォルフバイル_通常_G002_最弱_低命中;Axe;5;70;5;10;0;0;1;D;---;100;0;Axe wielded by Emblem Hector. Effective: Cavalry, Armored.;0
Wolf Beil;DP2 Weakest;IID_ヘクトル_ヴォルフバイル_通常_G002_最弱;Axe;5;75;5;10;0;0;1;D;---;100;0;Axe wielded by Emblem Hector. Effective: Cavalry, Armored.;0
Wolf Beil;DP2 Weak Low Hit;IID_ヘクトル_ヴォルフバイル_通常_G002_弱_低命中;Axe;8;70;5;10;0;0;1;D;---;100;0;Axe wielded by Emblem Hector. Effective: Cavalry, Armored.;0
Wolf Beil;DP2 Weak;IID_ヘクトル_ヴォルフバイル_通常_G002_弱;Axe;8;75;5;10;0;0;1;D;---;100;0;Axe wielded by Emblem Hector. Effective: Cavalry, Armored.;0
Wolf Beil;DP2 Strong;IID_ヘクトル_ヴォルフバイル_通常_G002_強;Axe;13;75;5;10;0;0;1;D;---;100;0;Axe wielded by Emblem Hector. Effective: Cavalry, Armored.;0
Wolf Beil;DP2 Strongest;IID_ヘクトル_ヴォルフバイル_通常_G002_最強;Axe;16;75;5;10;0;0;1;D;---;100;0;Axe wielded by Emblem Hector. Effective: Cavalry, Armored.;0
Runesword;0;IID_ヘクトル_ルーンソード;Sword;12;65;0;11;0;0;1~2;D;---;100;0;Magic sword of Emblem Hector. Can strike close or at range. Restore HP equal to 50% of damage dealt.;0
Runesword;Normal;IID_ヘクトル_ルーンソード_通常;Sword;12;65;0;11;0;0;1~2;D;---;100;0;Magic sword of Emblem Hector. Can strike close or at range. Restore HP equal to 50% of damage dealt.;0
Runesword;Normal DP2 Weakest;IID_ヘクトル_ルーンソード_通常_G002_最弱;Sword;7;65;0;11;0;0;1~2;D;---;100;0;Magic sword of Emblem Hector. Can strike close or at range. Restore HP equal to 50% of damage dealt.;0
Runesword;Normal DP2 Weak;IID_ヘクトル_ルーンソード_通常_G002_弱;Sword;10;65;0;11;0;0;1~2;D;---;100;0;Magic sword of Emblem Hector. Can strike close or at range. Restore HP equal to 50% of damage dealt.;0
Runesword;Normal DP2 Strong;IID_ヘクトル_ルーンソード_通常_G002_強;Sword;15;65;0;11;0;0;1~2;D;---;100;0;Magic sword of Emblem Hector. Can strike close or at range. Restore HP equal to 50% of damage dealt.;0
Runesword;Normal DP2 Strongest;IID_ヘクトル_ルーンソード_通常_G002_最強;Sword;18;65;0;11;0;0;1~2;D;---;100;0;Magic sword of Emblem Hector. Can strike close or at range. Restore HP equal to 50% of damage dealt.;0
Runesword;Dark;IID_ヘクトル_ルーンソード_闇;Sword;16;65;0;11;0;0;1~2;D;---;100;0;Magic sword of Emblem Hector. Can strike close or at range. Restore HP equal to 50% of damage dealt.;0
Armads;0;IID_ヘクトル_アルマーズ;Axe;22;85;0;18;0;0;1;D;---;100;0;Lightning-charged axe wielded by Emblem Hector. Grants Def+5. Effective: Dragon.;0
Armads;Normal;IID_ヘクトル_アルマーズ_通常;Axe;22;85;0;18;0;0;1;D;---;100;0;Lightning-charged axe wielded by Emblem Hector. Grants Def+5. Effective: Dragon.;0
Armads;Normal DP2 Weakest Low Hit;IID_ヘクトル_アルマーズ_通常_G002_最弱_低命中;Axe;13;75;0;18;0;0;1;D;---;100;0;Lightning-charged axe wielded by Emblem Hector. Grants Def+5. Effective: Dragon.;0
Armads;Normal DP2 Weakest;IID_ヘクトル_アルマーズ_通常_G002_最弱;Axe;13;85;0;18;0;0;1;D;---;100;0;Lightning-charged axe wielded by Emblem Hector. Grants Def+5. Effective: Dragon.;0
Armads;Normal DP2 Weak Low Hit;IID_ヘクトル_アルマーズ_通常_G002_弱_低命中;Axe;16;75;0;18;0;0;1;D;---;100;0;Lightning-charged axe wielded by Emblem Hector. Grants Def+5. Effective: Dragon.;0
Armads;Normal DP2 Weak;IID_ヘクトル_アルマーズ_通常_G002_弱;Axe;16;85;0;18;0;0;1;D;---;100;0;Lightning-charged axe wielded by Emblem Hector. Grants Def+5. Effective: Dragon.;0
Armads;Normal DP2 Weakish Low Hit;IID_ヘクトル_アルマーズ_通常_G002_微弱_低命中;Axe;19;75;0;18;0;0;1;D;---;100;0;Lightning-charged axe wielded by Emblem Hector. Grants Def+5. Effective: Dragon.;0
Armads;Normal DP2 Weakish;IID_ヘクトル_アルマーズ_通常_G002_微弱;Axe;19;85;0;18;0;0;1;D;---;100;0;Lightning-charged axe wielded by Emblem Hector. Grants Def+5. Effective: Dragon.;0
Hliðskjálf;0;IID_ヴェロニカ_フリズスキャルヴ;Tome;13;70;0;7;0;0;1~2;D;---;100;0;A staff wielded by Emblem Veronica. If user initiates combat, foe cannot counterattack.;0
Hliðskjálf;Normal;IID_ヴェロニカ_フリズスキャルヴ_通常;Tome;13;70;0;7;0;0;1~2;D;---;100;0;A staff wielded by Emblem Veronica. If user initiates combat, foe cannot counterattack.;0
Hliðskjálf;Normal DP3 Weakest;IID_ヴェロニカ_フリズスキャルヴ_通常_G003_最弱;Tome;2;70;0;7;0;0;1~2;D;---;100;0;A staff wielded by Emblem Veronica. If user initiates combat, foe cannot counterattack.;0
Hliðskjálf;Normal DP3 Weak;IID_ヴェロニカ_フリズスキャルヴ_通常_G003_弱;Tome;5;70;0;7;0;0;1~2;D;---;100;0;A staff wielded by Emblem Veronica. If user initiates combat, foe cannot counterattack.;0
Hliðskjálf;Normal DP3 Weakish;IID_ヴェロニカ_フリズスキャルヴ_通常_G003_微弱;Tome;9;70;0;7;0;0;1~2;D;---;100;0;A staff wielded by Emblem Veronica. If user initiates combat, foe cannot counterattack.;0
Hliðskjálf;Normal DP3 Strong;IID_ヴェロニカ_フリズスキャルヴ_通常_G003_強;Tome;16;70;0;7;0;0;1~2;D;---;100;0;A staff wielded by Emblem Veronica. If user initiates combat, foe cannot counterattack.;0
Fortify+;0;IID_ヴェロニカ_リザーブ＋;Staff;10;0;0;0;0;0;1~7;D;---;100;25;A staff wielded by Emblem Veronica. Heals HP and status effects for all allies within a 7-space radius.;0
Fortify+;Normal;IID_ヴェロニカ_リザーブ＋_通常;Staff;10;0;0;0;0;0;1~7;D;---;100;25;A staff wielded by Emblem Veronica. Heals HP and status effects for all allies within a 7-space radius.;0
Élivágar;0;IID_ヴェロニカ_エリヴァーガル;Tome;18;85;0;10;0;0;1~2;D;---;100;0;Powerful magic wielded by Emblem Veronica. Nullifies basic stat bonuses on target for 1 turn after combat.;0
Élivágar;Normal;IID_ヴェロニカ_エリヴァーガル_通常;Tome;18;85;0;10;0;0;1~2;D;---;100;0;Powerful magic wielded by Emblem Veronica. Nullifies basic stat bonuses on target for 1 turn after combat.;0
Élivágar;Normal DP3 Weakest;IID_ヴェロニカ_エリヴァーガル_通常_G003_最弱;Tome;4;85;0;10;0;0;1~2;D;---;100;0;Powerful magic wielded by Emblem Veronica. Nullifies basic stat bonuses on target for 1 turn after combat.;0
Élivágar;Normal DP3 Weak;IID_ヴェロニカ_エリヴァーガル_通常_G003_弱;Tome;10;85;0;10;0;0;1~2;D;---;100;0;Powerful magic wielded by Emblem Veronica. Nullifies basic stat bonuses on target for 1 turn after combat.;0
Élivágar;Normal DP3 Weakish;IID_ヴェロニカ_エリヴァーガル_通常_G003_微弱;Tome;14;85;0;10;0;0;1~2;D;---;100;0;Powerful magic wielded by Emblem Veronica. Nullifies basic stat bonuses on target for 1 turn after combat.;0
Élivágar;Normal DP3 Strongish;IID_ヴェロニカ_エリヴァーガル_通常_G003_微強;Tome;21;85;0;9;0;0;1~2;D;---;100;0;Powerful magic wielded by Emblem Veronica. Nullifies basic stat bonuses on target for 1 turn after combat.;0
Élivágar;Normal DP3 Strong;IID_ヴェロニカ_エリヴァーガル_通常_G003_強;Tome;24;85;0;8;0;0;1~2;D;---;100;0;Powerful magic wielded by Emblem Veronica. Nullifies basic stat bonuses on target for 1 turn after combat.;0
;Veronica Engage Attack;IID_ヴェロニカ_エンゲージ技;Tome;0;0;0;0;0;0;1;D;---;100;0;;
Colorless Stone;Colorless;IID_ヴェロニカ_エンゲージ技_無;Tome;0;0;0;0;0;0;1;D;---;100;0;;0
Red Stone;Red;IID_ヴェロニカ_エンゲージ技_赤;Tome;0;0;0;0;0;0;1;D;---;100;0;;0
Green Stone;Green;IID_ヴェロニカ_エンゲージ技_緑;Tome;0;0;0;0;0;0;1;D;---;100;0;;0
Blue Stone;Blue;IID_ヴェロニカ_エンゲージ技_青;Tome;0;0;0;0;0;0;1;D;---;100;0;;0
Bolting;0;IID_セネリオ_サンダーストーム;Tome;2;50;0;15;0;0;3~10;D;---;100;0;Long-range thunder magic wielded by Emblem Soren. Cannot follow up.;0
Bolting;Normal;IID_セネリオ_サンダーストーム_通常;Tome;2;50;0;15;0;0;3~10;D;---;100;0;Long-range thunder magic wielded by Emblem Soren. Cannot follow up.;0
Bolting;Normal DP4 Weak;IID_セネリオ_サンダーストーム_通常_G004_弱;Tome;2;50;0;15;0;0;3~10;D;---;100;0;Long-range thunder magic wielded by Emblem Soren. Cannot follow up.;0
Bolting;Normal DP4 Weakest;IID_セネリオ_サンダーストーム_通常_G004_最弱;Tome;1;50;0;15;0;0;3~10;D;---;100;0;Long-range thunder magic wielded by Emblem Soren. Cannot follow up.;0
Bolting;Dark;IID_セネリオ_サンダーストーム_闇;Tome;10;65;0;8;0;0;3~5;D;---;100;0;Long-range thunder magic wielded by Emblem Soren. Cannot follow up.;0
Reflect;0;IID_セネリオ_マジックシールド;Staff;0;0;0;0;0;0;1~2;D;---;100;25;"Staff of Emblem Soren. Allies within 2 spaces gain ""deals 50% of magic damage taken back to foe"" for 1 turn.";0
Reflect;Normal;IID_セネリオ_マジックシールド_通常;Staff;0;0;0;0;0;0;1~2;D;---;100;25;"Staff of Emblem Soren. Allies within 2 spaces gain ""deals 50% of magic damage taken back to foe"" for 1 turn.";0
Rexcalibur;0;IID_セネリオ_レクスカリバー;Tome;16;105;10;12;0;0;1~2;D;---;100;0;Powerful wind magic wielded by Emblem Soren. Effective: Flying.;0
Rexcalibur;Normal;IID_セネリオ_レクスカリバー_通常;Tome;16;105;10;12;0;0;1~2;D;---;100;0;Powerful wind magic wielded by Emblem Soren. Effective: Flying.;0
Rexcalibur;Normal DP4 Weakish;IID_セネリオ_レクスカリバー_通常_G004_微弱;Tome;13;105;10;12;0;0;1~2;D;---;100;0;Powerful wind magic wielded by Emblem Soren. Effective: Flying.;0
Rexcalibur;Normal DP4 Weak;IID_セネリオ_レクスカリバー_通常_G004_弱;Tome;10;105;10;12;0;0;1~2;D;---;100;0;Powerful wind magic wielded by Emblem Soren. Effective: Flying.;0
Rexcalibur;Normal DP4 Weakest;IID_セネリオ_レクスカリバー_通常_G004_最弱;Tome;6;105;10;12;0;0;1~2;D;---;100;0;Powerful wind magic wielded by Emblem Soren. Effective: Flying.;0
Cataclysm;Wind Magic;IID_セネリオ_ディザスター_風魔法;Tome;4;100;0;10;0;0;1~3;D;---;100;0;Magic wielded by Emblem Soren. Fire, thunder, & wind attacks at 40% damage. Wind is effective: Flying.;0
Cataclysm;Fire Magic;IID_セネリオ_ディザスター_炎魔法;Tome;4;100;0;10;0;0;1~3;D;---;100;0;Magic wielded by Emblem Soren. Fire, thunder, & wind attacks at 40% damage. Wind is effective: Flying.;0
Cataclysm;Thunder Magic;IID_セネリオ_ディザスター_雷魔法;Tome;4;100;0;10;0;0;1~3;D;---;100;0;Magic wielded by Emblem Soren. Fire, thunder, & wind attacks at 40% damage. Wind is effective: Flying.;0
Cataclysm;Wind Mag Dark;IID_セネリオ_ディザスター_風魔法闇;Tome;1;100;0;10;0;0;1~3;D;---;100;0;Magic wielded by Emblem Soren. Fire, thunder, & wind attacks at 40% damage. Wind is effective: Flying.;0
Cataclysm;Fire Mag Dark;IID_セネリオ_ディザスター_炎魔法闇;Tome;1;100;0;10;0;0;1~3;D;---;100;0;Magic wielded by Emblem Soren. Fire, thunder, & wind attacks at 40% damage. Wind is effective: Flying.;0
Cataclysm;Thunder Mag Dark;IID_セネリオ_ディザスター_雷魔法闇;Tome;1;100;0;10;0;0;1~3;D;---;100;0;Magic wielded by Emblem Soren. Fire, thunder, & wind attacks at 40% damage. Wind is effective: Flying.;0
Bolt Axe;0;IID_カミラ_ボルトアクス;Axe;14;65;0;9;-20;0;1~2;D;---;100;0;Magic axe wielded by Emblem Camilla. Can strike close or at range.;0
Bolt Axe;Normal;IID_カミラ_ボルトアクス_通常;Axe;14;65;0;9;-20;0;1~2;D;---;100;0;Magic axe wielded by Emblem Camilla. Can strike close or at range.;0
Bolt Axe;Normal DP5;IID_カミラ_ボルトアクス_通常_G005;Axe;12;65;0;9;-20;0;1~2;D;---;100;0;Magic axe wielded by Emblem Camilla. Can strike close or at range.;0
Bolt Axe;Normal DP5 Weak;IID_カミラ_ボルトアクス_通常_G005_弱;Axe;7;65;0;17;-20;0;1~2;D;---;100;0;Magic axe wielded by Emblem Camilla. Can strike close or at range.;0
Lightning;0;IID_カミラ_ライトニング;Tome;3;75;0;10;0;0;1~2;D;---;100;0;Magic wielded by Emblem Camilla. If user initiates combat, attacks twice.;0
Lightning;Normal;IID_カミラ_ライトニング_通常;Tome;3;75;0;10;0;0;1~2;D;---;100;0;Magic wielded by Emblem Camilla. If user initiates combat, attacks twice.;0
Lightning;Normal DP5 Weak;IID_カミラ_ライトニング_通常_G005_弱;Tome;1;75;0;10;0;0;1~2;D;---;100;0;Magic wielded by Emblem Camilla. If user initiates combat, attacks twice.;0
Camilla's Axe;0;IID_カミラ_カミラの艶斧;Axe;19;80;0;11;0;0;1;D;---;100;0;Axe wielded by Emblem Camilla. Grants Res+10 and deals extra damage = foe's Res-Def.;0
Camilla's Axe;Normal;IID_カミラ_カミラの艶斧_通常;Axe;19;80;0;11;0;0;1;D;---;100;0;Axe wielded by Emblem Camilla. Grants Res+10 and deals extra damage = foe's Res-Def.;0
Camilla's Axe;Normal DP5 Weakish;IID_カミラ_カミラの艶斧_通常_G005_微弱;Axe;16;80;0;11;0;0;1;D;---;100;0;Axe wielded by Emblem Camilla. Grants Res+10 and deals extra damage = foe's Res-Def.;0
Camilla's Axe;Normal DP5 Weak;IID_カミラ_カミラの艶斧_通常_G005_弱;Axe;13;80;0;11;0;0;1;D;---;100;0;Axe wielded by Emblem Camilla. Grants Res+10 and deals extra damage = foe's Res-Def.;0
Camilla's Axe;Normal DP5 Weakest;IID_カミラ_カミラの艶斧_通常_G005_最弱;Axe;11;80;0;18;0;0;1;D;---;100;0;Axe wielded by Emblem Camilla. Grants Res+10 and deals extra damage = foe's Res-Def.;0
Levin Sword;0;IID_クロム_サンダーソード;Sword;10;80;0;8;0;0;1~2;D;---;100;0;Magic sword wielded by Emblem Robin. Can hit foes with magic lightning from a distance.;0
Levin Sword;Normal;IID_クロム_サンダーソード_通常;Sword;10;80;0;8;0;0;1~2;D;---;100;0;Magic sword wielded by Emblem Robin. Can hit foes with magic lightning from a distance.;0
Levin Sword;Normal DP5 Weak;IID_クロム_サンダーソード_通常_G005_弱;Sword;10;80;0;11;0;0;1~2;D;---;100;0;Magic sword wielded by Emblem Robin. Can hit foes with magic lightning from a distance.;0
Levin Sword;Normal DP5 Weakest;IID_クロム_サンダーソード_通常_G005_最弱;Sword;2;80;0;13;0;0;1~2;D;---;100;0;Magic sword wielded by Emblem Robin. Can hit foes with magic lightning from a distance.;0
Thoron;0;IID_クロム_トロン;Tome;14;65;10;7;0;0;1~2;D;---;100;0;Powerful lightning magic wielded by Emblem Robin.;0
Thoron;Normal;IID_クロム_トロン_通常;Tome;14;65;10;7;0;0;1~2;D;---;100;0;Powerful lightning magic wielded by Emblem Robin.;0
Thoron;Normal DP6 Weakish;IID_クロム_トロン_通常_G006_微弱;Tome;11;65;10;6;0;0;1~2;D;---;100;0;Powerful lightning magic wielded by Emblem Robin.;0
Thoron;Normal DP6 Weak;IID_クロム_トロン_通常_G006_弱;Tome;8;65;5;5;0;0;1~2;D;---;100;0;Powerful lightning magic wielded by Emblem Robin.;0
Thoron;Normal DP6 Weakest;IID_クロム_トロン_通常_G006_最弱;Tome;8;65;5;11;0;0;1~2;D;---;100;0;Powerful lightning magic wielded by Emblem Robin.;0
Falchion;0;IID_クロム_神剣ファルシオン;Sword;13;80;10;12;0;0;1;D;---;100;0;A legendary sword wielded by Emblem Chrom. Effective: Dragon.;0
Falchion;Normal;IID_クロム_神剣ファルシオン_通常;Sword;13;80;10;12;0;0;1;D;---;100;0;A legendary sword wielded by Emblem Chrom. Effective: Dragon.;0
Falchion;Normal DP6 Weakish;IID_クロム_神剣ファルシオン_通常_G006_微弱;Sword;10;80;10;10;0;0;1;D;---;100;0;A legendary sword wielded by Emblem Chrom. Effective: Dragon.;0
Falchion;Normal DP6 Weak;IID_クロム_神剣ファルシオン_通常_G006_弱;Sword;7;80;10;8;0;0;1;D;---;100;0;A legendary sword wielded by Emblem Chrom. Effective: Dragon.;0
Falchion;Normal DP6 Weakest;IID_クロム_神剣ファルシオン_通常_G006_最弱;Sword;4;80;10;12;0;0;1;D;---;100;0;A legendary sword wielded by Emblem Chrom. Effective: Dragon.;0
Light Brand;Normal +;IID_リーフ_ひかりの剣＋_通常;Sword;17;80;20;6;0;0;1~2;D;---;100;0;Magical sword wielded by Emblem Leif. Grants Lck+10. Can strike close or at range.;0
Light Brand;Normal ++;IID_リーフ_ひかりの剣＋＋_通常;Sword;19;85;20;6;0;0;1~2;D;---;100;0;Magical sword wielded by Emblem Leif. Grants Lck+10. Can strike close or at range.;0
Parallel Falchion;Normal +;IID_ルキナ_裏剣ファルシオン＋_通常;Sword;12;85;10;10;0;0;1;D;---;100;0;Sacred sword wielded by Emblem Lucina. Effective: Dragon.;0
Mani Katti;Normal +;IID_リン_マーニ・カティ＋_通常;Sword;8;85;0;5;5;0;1;D;---;100;0;Divine sword wielded by Emblem Lyn. Effective: Cavalry, Armored.;0
Mani Katti;Normal ++;IID_リン_マーニ・カティ＋＋_通常;Sword;10;90;5;5;10;0;1;D;---;100;0;Divine sword wielded by Emblem Lyn. Effective: Cavalry, Armored.;0
Blutgang;Normal +;IID_ベレト_ブルトガング＋_通常;Sword;10;85;0;7;0;0;1;D;---;100;0;Magical sword wielded by Emblem Byleth. Effective: Dragon, Cavalry.;0
Runesword;Normal +;IID_ヘクトル_ルーンソード＋_通常;Sword;14;70;0;11;0;0;1~2;D;---;100;0;Magic sword of Emblem Hector. Can strike close or at range. Restore HP equal to 50% of damage dealt.;0
Levin Sword;Normal +;IID_クロム_サンダーソード＋_通常;Sword;12;80;0;8;0;0;1~2;D;---;100;0;Magic sword wielded by Emblem Robin. Can hit foes with magic lightning from a distance.;0
Brave Lance;Normal +;IID_シグルド_ゆうしゃのやり＋_通常;Lance;9;70;0;12;0;0;1;D;---;100;0;Lance wielded by Emblem Sigurd. If user initiates combat, attacks twice.;0
Master Lance;Normal +;IID_リーフ_マスターランス＋_通常;Lance;9;60;0;16;0;0;1~2;D;---;100;0;Lance wielded by Emblem Leif. If user initiates combat, attacks twice. Can strike close or at range.;0
Master Lance;Normal ++;IID_リーフ_マスターランス＋＋_通常;Lance;11;65;0;16;0;0;1~2;D;---;100;0;Lance wielded by Emblem Leif. If user initiates combat, attacks twice. Can strike close or at range.;0
Killer Axe;Normal +;IID_リーフ_キラーアクス＋_通常;Axe;11;65;30;11;0;0;1;D;---;100;0;Axe wielded by Emblem Leif. Easily inflicts fatal wounds.;0
Killer Axe;Normal ++;IID_リーフ_キラーアクス＋＋_通常;Axe;11;65;30;11;0;0;1;D;---;100;0;Axe wielded by Emblem Leif. Easily inflicts fatal wounds.;0
Wolf Beil;Normal +;IID_ヘクトル_ヴォルフバイル＋_通常;Axe;14;75;10;10;0;0;1;D;---;100;0;Axe wielded by Emblem Hector. Effective: Cavalry, Armored.;0
Killer Bow;Normal +;IID_リン_キラーボウ＋_通常;Bow;9;75;30;7;0;0;2;D;---;100;0;Bow wielded by Emblem Lyn. Easily inflicts fatal wounds. Effective: Flying.;0
Killer Bow;Normal ++;IID_リン_キラーボウ＋＋_通常;Bow;11;75;35;7;0;0;2;D;---;100;0;Bow wielded by Emblem Lyn. Easily inflicts fatal wounds. Effective: Flying.;0
Vajra-Mushti;Normal +;IID_ベレト_ヴァジュラ＋_通常;Arts;8;95;15;7;0;0;1;D;---;100;0;Gauntlets wielded by Emblem Byleth. If user initiates combat, attacks twice. Uses lowest of foe's Def/Res.;0
Lightning;Normal +;IID_カミラ_ライトニング＋_通常;Tome;6;80;5;10;0;0;1~2;D;---;100;0;Magic wielded by Emblem Camilla. If user initiates combat, attacks twice.;0
Thoron;Normal +;IID_クロム_トロン＋_通常;Tome;17;70;15;7;0;0;1~2;D;---;100;0;Powerful lightning magic wielded by Emblem Robin.;0
